,Park Facility Name,SIGNNAME
0,Ruppert Park,Ruppert Park
82,Prospect Park,Prospect Park
1012,Tappen Park,Tappen Park
1038,Boerum Park,Boerum Park
1073,Forest Park - Sobelsohn Park,Forest Park
1111,Tompkins Square Park,Tompkins Square Park
1514,Central Park,Central Park
4001,Pelham Bay Park,Pelham Bay Park
4260,Park Slope Playground,Park Slope Playground
4354,Macneil Park,Macneil Park
4462,Van Cortlandt Classic Playground,
4522,Carroll Park,Carroll Park
4597,Star Spangled Playground,Star Spangled Playground
4615,Captain Rivera Playground,Captain Rivera Playground
4624,Kissena Park,Kissena Park
4825,Golf Course - Clearview Park,
4835,Lyons Square Playground,Lyons Square Playground
4846,Astoria Park,Astoria Park
5189,Jesse Owens Playground,Jesse Owens Playground
5214,John Jay Park,John Jay Park
5410,Randall's Island Park,Randall's Island Park
5435,Harlem River Park,Harlem River Park
5995,Recreation Center - Thomas Jefferson,
6030,Clason Point Park,
6037,Fermi Playground,Fermi Playground
6042,Central Park - Belvedere Castle Turtle Pond and Shakespeare Garden,
6109,Abingdon Square,Abingdon Square
6137,Recreation Center - Brownsville,
6207,Brooklyn Bridge Park,Brooklyn Bridge Park
6357,St James Park,
6416,Recreation Center - Asser Levy,
6522,Recreation Center - Hamilton Fish,
6555,Jamie Campiz Playground,
6608,Drumgoole Tot Lot Playground,
6611,Carl Schurz Park,Carl Schurz Park
6802,Pelham Bay Park - Playground For All Children,
6817,Cabbell Park,Cabbell Park
6824,Vesuvio Playground,Vesuvio Playground
6894,Happy Warrior Playground,Happy Warrior Playground
6936,St Nicholas Park,
7209,Beach - Manhattan,Manhattan Beach
7293,Colgate Close,Colgate Close
7304,Hudson River Park,Hudson River Park
7788,Prall's Island Bird Haven,
7789,Alley Pond Park,Alley Pond Park
8012,Orchard Beach Park - Nature Center,
8026,William Sheridan Playground,William Sheridan Playground
8060,Riverside Park,Riverside Park
10432,Silent Springs Playground,
10443,Staten Island Greenbelt,
10448,Van Cortlandt Park,Van Cortlandt Park
10810,Elmhurst Park,Elmhurst Park
10821,St Mary's Park,St Mary's Park
10881,Southern Fields,Southern Fields
10902,Hoffman Park,Hoffman Park
10945,Shore Road Park,
11036,Pomonok Playground - PS 201,
11048,Joyce Kilmer Park,Joyce Kilmer Park
11163,Decatur Playground,Decatur Playground
11191,Dimattina Playground,Dimattina Playground
11283,Riverside Park - Baseball Fields,
11320,Clawson Playground - PS 50,
11335,Irving Square Park,Irving Square Park
11384,Recreation Center - Roy Wilkins,
11474,Pool - Hansborough,
11508,Devoe Park,Devoe Park
11589,Recreation Center - Al Oerter,
11680,Coney Island Beach and Boardwalk,
11717,Alley Pond Park - Oakland Lake,
11788,Fort Tryon Park,Fort Tryon Park
12076,Rockaway Beach Boardwalk,Rockaway Beach Boardwalk
12830,Brookville Park,Brookville Park
12969,Flushing Meadows and Corona Park,
13082,Heckscher Playground,Heckscher Playground
13094,Kissena Park - 160 St Playground,
13147,Asphalt Green,Asphalt Green
13185,Columbus Park Playground,
13328,Theodore Roosevelt Park,Theodore Roosevelt Park
13406,James Madison Plaza,James Madison Plaza
13412,J Hood Wright Park,
13559,J J Byrne Memorial Park,
13657,Springfield Park,Springfield Park
13720,Hunter's Point Park,
13755,Woodtree Playground,Woodtree Playground
13789,Cloves Lake Park - WWII Veterans War Memorial Ice Skating Rink,
13931,Cooper Park,Cooper Park
14052,Astoria Park - Charybdis Playground,
14140,Staten Island Greenbelt Park - Amundsen Trail,
14153,Flushing Meadows Corona Park,Flushing Meadows Corona Park
14875,Willowbrook Park,Willowbrook Park
14983,Central Park - 79th Street Yard and Summit Rock,
15071,Alley Athletic Playground,Alley Athletic Playground
15075,Fort Totten Park,Fort Totten Park
15118,Beach - Orchard,
15288,Westerleigh Park,Westerleigh Park
15302,Mafera Park,Mafera Park
15335,ABC Playground,ABC Playground
15356,Morningside Park,Morningside Park
15786,Little Bay Park,Little Bay Park
15906,Washington Square Park,Washington Square Park
16267,Marine Park - Salt Marsh Nature Center,
16335,Crotona Park,Crotona Park
16550,Isham Park,Isham Park
16754,Soundview Park,Soundview Park
16891,Greenwood Playground,Greenwood Playground
16968,Forest Park,Forest Park
17367,Louis Pasteur Park,Louis Pasteur Park
17398,Haffen Park,Haffen Park
17449,Kissena Corridor East,
17519,Riverside Park - Claremont Playground,
17544,Poe Park,Poe Park
17584,Mercer Playground,Mercer Playground
17593,Recreation Center - Hansborough,
17653,Beach - Rockaway,
17721,West 186th St Basketball Court,
17726,Cadman Plaza Park,Cadman Plaza Park
17898,Riverside Park - River Run Playground,
18026,Mclaughlin Park,
18063,John Paul Jones Park,John Paul Jones Park
18087,Pool - Wagner,
18100,Sunset Park,Sunset Park
18420,Col David Marcus Playground,
18457,Playground One Twenty Five - PS 125,
18463,Equity Park,Equity Park
18481,Brower Park,Brower Park
18633,Dr Charles R Drew Memorial Park,
18676,Sternberg Park,Sternberg Park
18807,Thomas Jefferson Park,Thomas Jefferson Park
18996,North Pacific Playground,North Pacific Playground
19047,Ewen Park,Ewen Park
19162,Crispus Attucks Playground,Crispus Attucks Playground
19203,Ranaqua Park,Ranaqua Park
19229,Eastchester  Playground,
19240,Joseph C Sauer Playground,
19299,St Michaels Playground,
19375,City Hall Park,City Hall Park
19519,Bronx River Park,
19595,Union Square Park,Union Square Park
19869,Mckinley Playground,
19895,Frontera Park,Frontera Park
19918,Highbridge Park,Highbridge Park
20244,Northerleigh Park,Northerleigh Park
20271,Clinton Cherry Playground,
20275,Beach - Cedar Grove,
20301,Beach - Coney Island,
20412,Wagner Playground,Wagner Playground
20440,Corlears Hook Park,Corlears Hook Park
20518,Rainey Park - Queens,
20595,Marlboro Playground,Marlboro Playground
20600,Old Fort Number 4 Park,
20613,Leif Ericson Park,Leif Ericson Park
20717,Central Park - Ancient Playground,
20780,Bronx Park,Bronx Park
20979,Canarsie Park,Canarsie Park
21126,Gene Gray Playground,Gene Gray Playground
21164,Tanahey Playground,Tanahey Playground
21201,Rodney Playground South,Rodney Playground South
21213,Battery Park,Battery Park
21477,Veterans Grove,Veterans Grove
21502,Dodger Playground,Dodger Playground
21527,Marcus Garvey Park,Marcus Garvey Park
21720,Evergreen Pk - PS 68,
21766,Bleecker Playground,Bleecker Playground
21794,Father Macris Park,Father Macris Park
21814,Utopia Playground,Utopia Playground
21843,Saw Mill Playground,Saw Mill Playground
21872,Jackie Robinson Park,Jackie Robinson Park
21930,Mercer St. Playground,
21938,Edmonds Playground,Edmonds Playground
21974,Whitestone Playground - PS 193,
22000,Rufus King Park,Rufus King Park
22082,Riverside Park - Hippo Playground,
22171,Riverside Park - Over The Tracks Tennis Courts,
22199,Mccarren Park,
22547,101 Street Soccer Field,
22566,Prospect Park - Vanderbilt Playground,
22619,Baisley Park South,
22701,Ten Eyck Playground,Ten Eyck Playground
22705,Marconi Park,Marconi Park
22734,Highland Park,Highland Park
23082,Fresh Meadows Playground - PS 173,
23102,East River Park,
23427,Travers Park,Travers Park
23554,Paerdegat Park,Paerdegat Park
23596,Blue Heron Park - Nature Center,
23621,Allerton Playground,Allerton Playground
23632,Jamaica Bay Park,Jamaica Bay Park
23644,Franz Sigel Park,Franz Sigel Park
23761,Maple Playground,Maple Playground
23801,Hancock Playground,
23852,Bloomingdale Park,Bloomingdale Park
23990,Pool - St. Mary's,
23997,Central Park - 110th Street Playground,
24038,Cunningham Park,Cunningham Park
24200,Athens Square - PS 17,
24292,Yellowstone Municipal Park - Katzman Playground,
24319,D'Emic Playground,D'Emic Playground
24326,Geo Soilan Park - Battery Park City,
24453,Beach - South,
24579,Tremont Park,Tremont Park
24616,Linden Park Playground,
24619,Upper Highland Playground,
24639,Riverside Park - Riverbank Playground,
24658,Harold Schneiderman Playground - PS 232,
24677,Wallenberg Forest,
24681,Sol  Bloom Playground,
24726,Beach - Brighton,
25321,Recreation Center - Tony Dapolito,
25346,Fort Washington Park,Fort Washington Park
25428,Grover Cleveland Park,
25476,Liberty Park,
25557,Mckinley Park - Mckinley Park Playground,
25590,Washington Park,Washington Park
25636,Banneker Playground,Banneker Playground
25642,De Salvio Playground,
25645,Van Cortlandt Park - Southwest Playground,
25668,Yellowstone Municipal Park,
25698,Silver Lake Park,Silver Lake Park
25857,Inwood Hill Park,Inwood Hill Park
26150,Fort Greene Park,Fort Greene Park
26407,Howard Bennett Playground - PS 197,
26426,Commodore Barry Park,Commodore Barry Park
26507,Ferry Point Park,Ferry Point Park
26730,Damrosch Park,Damrosch Park
26737,Ehrenreich-Austin St Playground,
26758,Kossuth Playground,
26777,Juniper Valley Park,Juniper Valley Park
27043,Marine Park - PS 278 Playground,
27119,Hoover Manton Playground,
27212,Tecumseh Playground,Tecumseh Playground
27237,Jennifer's Playground,Jennifer's Playground
27271,St Nicholas North Playground,
27288,Grace Playground,Grace Playground
27311,Reiff Playground,Reiff Playground
27336,Monsignor Mcgolrick Park,
27481,Brooklyn Civic Center Parks,
27493,Williamsbridge Oval,Williamsbridge Oval
27698,Tribeca Dog Run,Tribeca Dog Run
27714,C C Moore Homestead Park,
27759,Flushing Meadows and Corona Park - Triassic Playground,
27782,Hickman Playground,Hickman Playground
27829,Inwood Hill Park - Indian Road Playground,
27985,Inwood Hill Park - The Clove,
28023,Inwood Hill Park - Nature Center,
28319,Samuel N. Bennerson 2nd Playground,Samuel N. Bennerson 2nd Playground
28325,Inwood Hill Park - Emerson Playground,
28421,Bayswater Park,Bayswater Park
28432,Joan of Arc Park,
28467,Bowne Park,Bowne Park
28600,Marine Park,Marine Park
29000,Fort Tryon Park - Jacob Javits Playground,
29083,Dyker Beach Park,Dyker Beach Park
29219,Recreation Center - St. John's,
29312,Albemarle Playground,Albemarle Playground
29363,College Point Park,College Point Park
29411,Brust Park,Brust Park
29449,Russell Pederson Playground,
29503,Highbridge Park - Quisqueya Playground,
29511,Parade Ground,Parade Ground
29550,Central Park - Adventure Playground,
29610,Beach Channel Playground - PS 183,
29639,Tall Oak Playground - PS 46,
29649,Sara D Roosevelt Park,
29829,Riverdale Park,Riverdale Park
29869,Herbert Von King Park,Herbert Von King Park
29974,Noonan Playground,
29997,Van Cortlandt Park - Allen Shandler Rec Area,
30013,Inwood Hill Park - Payson Playground,
30067,Jerome Slope,Jerome Slope
30074,Blue Heron Park Preserve,
30142,Underwood Park,Underwood Park
30207,Recreation Center - Alfred E. Smith,
30244,Madison Square Park,Madison Square Park
30353,Police Officer Reinaldo Salgado Playground,
30379,Merriam Playground - Lower,
30384,O'Donohue Park,
30388,Joseph Austin Playground,Joseph Austin Playground
30401,Bensonhurst Park,Bensonhurst Park
30499,Fordham Landing Playground,Fordham Landing Playground
30507,Stop and Go Playground,
30509,Pugsley Creek Park,Pugsley Creek Park
30538,Mccaffrey Playground,
30579,Pelham Bay Little League Park,
30583,Staten Island Greenbelt Park - Willowbrook Park Natural Area,
30598,Noble Playground,Noble Playground
30618,Bealin Square and Seth Low Playground,
30693,Marcy Playground,Marcy Playground
30727,Central Park - Cedar Hill,
30740,Gravesend Park,Gravesend Park
30799,Pat Williams Playground,Pat Williams Playground
30824,Pool - Lasker in Central Park,
30876,Forest Park - Victory Field,
30924,Central Park - Nutters Battery and Fort Clinton Site,
30926,Hamilton Metz Field,Hamilton Metz Field
30969,Fort Washington Park - Lily Brown Playground,
30995,Harding Park,Harding Park
31013,Babi Yar Triangle,
31027,Van Cortlandt Park - Golf House and Lower Putnam Trail,
31039,Dream Street Park,Dream Street Park
31066,Israel Putnam - PS 44,
31071,Real Good Park,Real Good Park
31080,Prospect Park - Lincoln Road Playground,
31125,Drew Playground,Drew Playground
31147,Sutton Place Park,Sutton Place Park
31234,Fresh Kills Park,
31245,Lower Highland Playground,
31261,Mullaly Park,Mullaly Park
31382,Wingate Park,Wingate Park
31435,Garibaldi Playground,Garibaldi Playground
31474,Rainey Park - Bronx,
31503,Sakura Park,Sakura Park
31537,River Park,
31542,Bryant Park,Bryant Park
31575,Bushwick Inlet Park,Bushwick Inlet Park
31599,Thomas Greene Playground,Thomas Greene Playground
31612,Digilio Playground,
31636,Shore Road Park - 79th Street Playground,
31684,Prospect Park - East Parade Grounds,
31722,Lincoln Terrace Park,
31796,Owl's Head Park,Owl's Head Park
31991,Fox Playground 2,
32010,Brighton Playground,Brighton Playground
32063,Loreto Park,
32083,Mcdonald Playground - Brooklyn,
32195,Rivington St Playground,
32206,Saint Nicholas Park - Arlington Ollie Edinboro Playground,
32221,Classon Playground,Classon Playground
32261,Nostrand Playground,Nostrand Playground
32289,Playground 70,
32313,Central Park - Park South,
32322,Marie Curie Park - JHS 158,
32355,Taylor Playground,Taylor Playground
32364,Horace Harding Playground - PS 206,
32393,Howard Von Dohlen Playground,Howard Von Dohlen Playground
32400,Galileo Playground,Galileo Playground
32414,Amersfort Park,Amersfort Park
32479,Recreation Center - Chelsea,
32598,May Matthews Playground,
32643,Rainbow Playground,Rainbow Playground
32665,Peter's Field,Peter's Field
32683,Betsy Head Park,Betsy Head Park
32721,John J Carty Park,John J Carty Park
32766,Asser Levy Park,Asser Levy Park
32829,Frederick B Judge Memorial Playground,
32843,Bath Beach Playground,
32969,Macombs Dam Park,Macombs Dam Park
33060,Carver Playground,Carver Playground
33111,Recreation Center - Owen Dolen Senior Center,
33133,West 87th Street Garden,
33136,Washington Hall Park,Washington Hall Park
33193,Baisley Pond Park - 157th St Playground,
33230,Webster Playground,Webster Playground
33249,Central Park - Diana Ross Playground,
33309,Starlight Park - Plimpton Playground,
33310,Ditmars Park,Ditmars Park
33365,Bennett Park,Bennett Park
33478,Pelham Bay Park - South Meadow,
33482,Beach - Midland,
33593,Bridge Park 3,Bridge Park 3
33599,Ralph Demarco Park,Ralph Demarco Park
33628,Joseph F Mafera Park,
33659,Riverside Park - Skate Park,
33720,Marion Hopkinson Playground,Marion Hopkinson Playground
33744,Sean's Place,Sean's Place
33784,Corona Golf Playground,Corona Golf Playground
33801,Midland Beach - Playland Playground,
33830,Cobble Hill Park,Cobble Hill Park
33875,Seaside Playground - PS 225,
33893,Staten Island Greenbelt - Southwest Latourette,
33916,Luiz Lopez Playground,
33927,Crowley Playground,Crowley Playground
33942,Central Park - West 68th Street Playground,
33946,Middle Village Playground,Middle Village Playground
33986,Yak Playground,Yak Playground
33990,De Witt Clinton Park,De Witt Clinton Park
34080,Ocean Parkway Malls,Ocean Parkway Malls
34104,Playground Of The Americas,
34111,Frederick Johnson Park,
34127,William McCray Playground,William McCray Playground
34170,Starr Playground,Starr Playground
34195,Fulton Park,Fulton Park
34279,MacDonald Park,MacDonald Park
34323,Recreation Center - Fort Hamilton Senior Center,
34337,Mount Hope Playground,Mount Hope Playground
34365,El Hajj Malik El Shabazz Playground,
34394,Central Park - Bendheim Playground,
34413,Forest Park - Greenhouse Playground,
34438,Mccarren Park - Vincent V Abate Playground,
34574,First Park,First Park
34632,Claremont Park,Claremont Park
34795,Frank D. O'Connor Playground,Frank D. O'Connor Playground
34822,Saint Marys Playground,
34828,Dutch Kills Playground - PS 112,
34876,Conch Playground - PS 105,
34879,High Rock Park,High Rock Park
34911,Long Island Mews,Long Island Mews
34919,Addabbo Playground,
34935,Big Bush Park,Big Bush Park
34967,Newtown Barge Terminal Playground,
34975,Nathan Weidenbaum - Little Bush Park,
34989,Frisch Field,
34998,Evergreen Playground,Evergreen Playground
35010,Central Park - Bernard Playground,
35019,79th Street Boat Basin Marina,
35035,Melrose Playground,Melrose Playground
35085,Bland Playground,Bland Playground
35095,South Oxford Park,South Oxford Park
35212,Marine Park - Doctor Johns Playground,
35257,Calvert Vaux,
35338,Stuyvesant Square,Stuyvesant Square
35421,Inwood Hill Park - Dyckman Fields,
35475,Linden Park - JHS 166,
35487,Eastern Parkway Malls,
35511,Central Park - East 96th Street Playground,
35580,Pelham Bay Park - The Meadow,
35584,University Woods,University Woods
35607,Brooklyn Bridge Park - Pier 1,
35670,Prospect Park - Imagination Playground,
35704,High Line Park,
35797,Peter Minuit Park,
35823,Jackie Robinson Park - Playground One Fifty Two Clii,
36007,Castlewood Playground - PS 186,
36024,Jacob Joffe Fields,Jacob Joffe Fields
36058,Prospect Park - Upper Long Meadow,
36063,Lewis Simeon Park,
36069,Robert Moses Playground,Robert Moses Playground
36101,Riverside Park - Dinosaur Playground,
36187,Corporal John A Seravalli Playground,
36236,Slope Park,Slope Park
36292,Flushing Meadows and Corona Park - Indoor Ice Hockey Rink,
36308,Captain Tilly Playground,
36342,Electric  Playground,
36358,Col Charles Young Playground,
36414,Wayanda Park - PS 34,
36420,Poor Richards Playground - IS 117,
36446,Randalls Island Park,
36627,Carlton Park,Carlton Park
36665,Brooklyn Heights Promenade,Brooklyn Heights Promenade
37095,Augustus Saint Gaudens,
37130,Maria Hernandez Park,Maria Hernandez Park
37217,Railroad Park Playground,
37225,Maurice Park,
37291,Mcarthur Park,
37301,Prospect Park - South West,
37311,Wards Island Park,Wards Island Park
37322,Rockaway Beach and Boardwalk - Beach 9th St Playground,
37334,Hellgate Field,
37346,Clove Lakes Park,Clove Lakes Park
37461,Grand Army Plaza,Grand Army Plaza
37521,Monsignor Mcgolrick Playground,
37536,Great Kills Veterans Playground - PS 8,
37588,Willoughby Playground,Willoughby Playground
37609,Prospect Park - Third Street Playground,
37621,Sunshine Playground,Sunshine Playground
37630,Recreation Center - Greenbelt,
37676,Fort Hamilton Athletic Field,Fort Hamilton Athletic Field
37704,Prospect Park - Litchfield Villa,
37740,Greencroft Playground - PS 53,
37774,Fort Independence Playground,Fort Independence Playground
37825,Triborough Bridge Playground B,Triborough Bridge Playground B
37839,Coney Island Creek Park,Coney Island Creek Park
37857,Hells Kitchen Park,
37894,Nathan Straus Playground - PS 140,
37927,Rudd Playground,Rudd Playground
37953,Newtown Playground,Newtown Playground
37976,Pool - Kosciusko,
38025,Recreation Center - Sunset Park,
38074,Hamilton Fish Park,Hamilton Fish Park
38098,Pool - Mullaly,
38115,Hart Playground - 37 Avenue,
38130,Marcus Garvey Park - Mount Morris East Playground,
38179,Alley Springfield,
38185,Pool - John Jay,
38217,Fort Tryon Park - Anne Loftus Playground,
38291,Sunners Playground,Sunners Playground
38303,Pontiac Playground,Pontiac Playground
38317,Springfield Park North,Springfield Park North
38340,Prospect Park - Grand Army Plaza,
38415,Pool - Haffen,
38429,Highbridge Park - Adventure Playground,
38559,Cunningham Park - 210th St Playground,
38585,Rodney Playground Center,Rodney Playground Center
38588,Crocheron Park,Crocheron Park
38686,Manhattan - Imagination Playground,
38752,Cherry Tree Playground,
38765,P. O. Serrano Playground,
38787,PS 1 Playground,
38790,Rockaway Park,
38811,William H Seward Park,
38924,Van Voorhees Playground,
38995,Pool - Thomas Jefferson,
39020,Pool - McCarren Park,
39049,Oakland Gardens - PS 203,
39071,Central Park - Pilgrim Hill and Conservatory Water,
39074,Little Flower Playground,Little Flower Playground
39091,Russell Sage Playground - JHS 190,
39138,American Playground,American Playground
39188,Pool - Douglas and Degraw,
39204,Anibal Aviles Playground,Anibal Aviles Playground
39227,Chelsea Park,Chelsea Park
39332,Pool - Sunset Park,
39393,South Beach Wetlands,South Beach Wetlands
39443,William E Kelly Memorial Park,
39464,Herman Dolgon Playground,Herman Dolgon Playground
39479,John Allen Payne Park,John Allen Payne Park
39496,London Planetree Playground,London Planetree Playground
39509,Scarangella Park,Scarangella Park
39527,Martinez Playground,Martinez Playground
39535,Fred Samuel Playground,Fred Samuel Playground
39550,North 5th Street Pier and Park,North 5th Street Pier and Park
39555,Sarsfield Playground,Sarsfield Playground
39586,Mother Cabrini Park,Mother Cabrini Park
39600,Pool - Highbridge,
39622,Albano Playground,
39641,Sherman Creek Park,
39678,Pool - Fred Douglas,
39682,Blake Hobbs Playground,Blake Hobbs Playground
39695,Sobel Green,
39711,Grand Ferry Park,Grand Ferry Park
39731,Poppenhusen Playground,Poppenhusen Playground
39765,Morton Playground,
39784,Central Park - Dana Discovery Nature Center,
39803,Red Hook Park - Bush Clinton Park Playground,
39822,Pool - PS 14 Playground,
39871,Eugene Mccabe Field,
39875,Almeda Playground - PS 42,
39884,Central Park - Mariners Gate Playground,
39905,Haggerty Park,Haggerty Park
39935,I Am Park,
39937,Marcy Park South,Marcy Park South
39953,Railroad Playground,Railroad Playground
39970,Pool - Red Hook Park,
40000,Grant Park,Grant Park
40053,Bushwick Playground,Bushwick Playground
40127,Stapleton Playground,Stapleton Playground
40165,Cedar Playground,Cedar Playground
40179,Prall Playground,Prall Playground
40182,Penn Triangle,Penn Triangle
40200,Booker T Washington Playground,
40215,Eugenio Maria De Hostos Playground,
40232,Saratoga Square Park,
40329,The Dust Bowl,
40338,Prospect Park - Harmony Playground,
40396,Frederick Douglass Playground,Frederick Douglass Playground
40522,Schenck Playground,Schenck Playground
40576,Phil Scooter Rizzuto Park,
40600,Pelham Bay Park - Bronx Victory Memorial Column,
40604,Highbridge Park - CPF Playground,
40609,Wolfes Pond Park,
40677,Holcombe Rucker Park,Holcombe Rucker Park
40694,Norelli-Hargreaves Playground,Norelli-Hargreaves Playground
40702,Van Cortlandt Park - Parade Ground North,
40721,Abigail Playground,Abigail Playground
40727,Reeds Basket Willow's Swamp,
40735,Roebling Playground,Roebling Playground
40748,Pool - Astoria Park,
40791,Mckinley Park,
40871,Patterson Playground,Patterson Playground
40916,Playground 62 - PS 220,
40924,Prospect Park - Park Side Avenue,
40929,Alice Austen House and Park,
40940,Pool - Glenwood Houses,
40945,Weeping Beech - Margaret I Carmen Green,
40976,Rodney Park Center,Rodney Park Center
40983,Clark Playground,Clark Playground
41016,Umma Park,Umma Park
41027,Gilbert Ramirez Park,Gilbert Ramirez Park
41045,Bulova Park,Bulova Park
41063,PS 198 Samuel Seabury Playground,
41127,Abyssinian Tot Lot,Abyssinian Tot Lot
41134,Shore Road Park - Vinland Playground,
41217,Washington Market Park,Washington Market Park
41256,Williamsbridge Oval - P G  Mini Pool and Courts,
41282,Brizzi Playground,Brizzi Playground
41302,Dyker Beach Park - Bay 8 Playground,
41343,Pulaski Playground,Pulaski Playground
41362,Seton Falls Park,Seton Falls Park
41411,Martin Luther King Jr Playground,
41443,Seton Park,Seton Park
41601,Pool - Commodore Barry,
41623,Pool - Hamilton Fish,
41656,Pool - Jackie Robinson Park,
41688,Parkside Playground - Bronx,
41690,Underhill Playground - Brooklyn,
41860,Spuyten Duyvil Shorefront Park and Half Moon Overlook,
41901,Crescent Beach,
41935,Toad Hall Playground,Toad Hall Playground
41945,Sledge Playground,Sledge Playground
41968,Cunningham Park - Upper Playground,
41974,Ramirez Playground,
41976,Rosemary's Playground - JHS 93,
42021,Paerdegat Basin Park,Paerdegat Basin Park
42022,Hoyt Playground,Hoyt Playground
42103,Power Playground,Power Playground
42125,Pelham Bay Park - Aileen Ryan Recreation Complex,
42149,Walter Ward Playground - PS 207,
42187,Mill Pond Park,Mill Pond Park
42218,Luna Park Playground,
42227,Strong Street Playground,
42254,Pool - Lyons,
42299,Caserta Playground,Caserta Playground
42315,PS 155 Playground,
42328,St Nicholas Playground South,
42344,Francis Lewis Park,Francis Lewis Park
42431,Pool - Sheltering Arms Park,
42443,Forest Park - Nature Center,
42458,Lt Federico Narvaez Tot Lot,
42504,Baisley Pond Park,Baisley Pond Park
42615,Recreation Center - West Bronx,
42619,Homecrest Playground,Homecrest Playground
42655,Millbrook Playground,Millbrook Playground
42661,Queensbridge Baby Park,
42667,Pool - Betsy Head Park,
42696,Lillian D Wald Playground,Lillian D Wald Playground
42723,Pool - Tottenville,
42739,Allison Park,
42762,Houston Playground,Houston Playground
42771,Rockaway Beach Playground,
42789,Veterans Park,Veterans Park
42831,Dean Playground,Dean Playground
42886,Aqueduct Walk - 227 Street Playground,
42897,McCarren Park Ice Skating Rink,
42906,Tot Lot One Hundred and Twelve,
42915,Richman Echo Park,
42962,Pool - Flushing Meadows and Corona Park,
43028,Tot Lot One Hundred And Ten,
43033,Van Cortlandt Park - Woodlawn Playground,
43052,Starlight Park,Starlight Park
43080,Ciccarone Park,Ciccarone Park
43142,Willets Point Playground - PS 209,
43171,Starlight Park - Jennie Jerome Playground,
43182,Merriam Playground - Upper,
43191,Recreation Center - Jackie Robinson,
43208,Coffey Park,Coffey Park
43257,Martins Field Playground,
43272,Harry Chapin Park,
43311,Socrates Sculpture Park,Socrates Sculpture Park
43335,Conference House Park,Conference House Park
43423,St Albans Park,
43478,Berry Playground,Berry Playground
43502,Nautilus Playground - Brooklyn,
43510,Dr Richard Green Playground,
43526,Farm Playground,Farm Playground
43532,Playground Eighty Nine LXXXIX,Playground Eighty Nine LXXXIX
43567,35 Playground,
43577,Kaiser Park,Kaiser Park
43649,Frank Golden Park,Frank Golden Park
43667,Pool - Fort Totten,
43686,Flynn Playground,Flynn Playground
43711,Henry Hudson Park,Henry Hudson Park
43856,Van Nest Park,Van Nest Park
43869,Flushing Meadows and Corona Park - Buzz Vollmer Playground,
43875,Gorman Playground,Gorman Playground
43911,Detective Keith L. Williams Park,
43943,Penn South Playground,Penn South Playground
43971,Ocean Hill Playground,Ocean Hill Playground
43982,Riverside Park - Neufeld Playgound,
44024,Locust Manor Playground  - PS 15,
44032,The Big Park - Grandview Playground,
44050,Jackie Robinson Park Playground - School,
44062,Martin Luther King Playground,Martin Luther King Playground
44088,Capt Rivera Playground,
44092,Vinmont Veteran Park,Vinmont Veteran Park
44151,Elijah Stroud Playground,
44172,Kissena Corridor West,
44204,Breininger Park,Breininger Park
44229,Mt Prospect Park,
44254,Recreation Center - Williamsbridge Oval,
44274,Jackie Robinson Playground,Jackie Robinson Playground
44294,Half Nelson Playground,
44308,St Catherine's Park,
44339,Riverbend Playground,Riverbend Playground
44346,Parkside Playground - Brooklyn,
44396,Hines Park,Hines Park
44415,Beach - Wolfe's Pond,
44441,Riverside Park - Classic Playground,
44483,M L King Houses Playground,
44486,Saul Weprin Playground - PS 162,
44493,Samuel Seabury Playground - PS 198,
44539,Bradhurst Urban Renewal Park,
44556,Taaffe Playground,Taaffe Playground
44626,Annunciation Park,Annunciation Park
44638,Lannett Playground - PS 197,
44648,Central Park - Conservatory Garden,
44673,Jacobs Ladder,
44681,Aqueduct Walk,Aqueduct Walk
44743,Kolbert Park,
44778,Fort 4 Playground,
44793,Playground Fifty-Two,
44795,Palmetto Playground,
44819,Recreation Center - Lost Battalion Hall,
44865,Bay Terrace Playground - PS 169,
44899,Parade Grounds Playground,
44912,Monsignor Kett,
44918,Admiral Farragut Playground,Admiral Farragut Playground
44930,Gonzalo Plasencia Playground,Gonzalo Plasencia Playground
44943,Arden Woods,Arden Woods
44967,Triborough Bridge Playground A,
44972,Pool - Asser Levy,
44990,Daniel M O'Connell Playground,
45015,Carter G Woodson Childrens Park,
45032,Kelly Playground,
45053,Ennis Park,
45069,Woods Playground,Woods Playground
45093,Challenge Playground - PS 187,
45134,Cpl Thompson Park,
45169,Tot Lot 116,
45180,St Andrew's Playground,
45216,Jerome Playground South,Jerome Playground South
45222,Carmansville Playground,Carmansville Playground
45244,St Vartan Park,
45347,Playground One Forty,Playground One Forty
45353,Hot Spot Tot Lot,Hot Spot Tot Lot
45364,Mount Playground - PS 174,
45381,Spirit Playground - PS 76,
45411,Hallets Cove Playground,Hallets Cove Playground
45416,Cooper Park - Carnegie Playground,
45432,Prospect Park - Lakeside Ice Skating Rink,
45463,Central Park - 110th Street and Lenox Avenue Playground,
45505,Alexander Hamilton Playground,Alexander Hamilton Playground
45560,Audubon Playground,Audubon Playground
45569,Pool - Claremont,
45579,Dubos Point Wildlife Sanctuary,Dubos Point Wildlife Sanctuary
45581,Bruckner Playground,Bruckner Playground
45599,Maclaughlin Playground,
45621,Surf Playground,Surf Playground
45625,Cunningham Park - Mclaughlin Playground,
45652,Highbridge Park - Sunken Playground,
45657,Railroad Park,Railroad Park
45667,Central Park - Spector Playground,
45674,Laurelton West Playground,
45685,Gorman Memorial Park,
45704,Pratt Playground,Pratt Playground
45717,Elton Playground,Elton Playground
45733,Lou Lodati Playground,
45787,Montbellier Park,Montbellier Park
45799,Pol. Officer Edward Byrne Park,
45811,Linwood Playground,Linwood Playground
45824,Riverdale Playground - JHS 141,
45858,Holy Cow Playground  - PS 179,
45866,Terrace Playground,Terrace Playground
45883,Lenape Playground,
45935,Peace Park,Peace Park
45941,Ben Abrams Playground,
45952,Astoria Heights Playground,Astoria Heights Playground
46005,Willow Lake Playground - PS 197,
46057,Courtney Callender Playground,Courtney Callender Playground
46090,Mount Prospect Park Playground,
46183,Flushing Meadows and Corona Park - Playground For All Children,
46226,Bath Playground,Bath Playground
46233,Story Playground,Story Playground
46261,Fort Greene Playground,
46278,Pool - Van Cortlandt,
46300,Bowne Playground,Bowne Playground
46312,Beanstalk Playground,Beanstalk Playground
46327,Coney Island - Abe Stark Ice Skating Rink,
46331,Recreation Center - Flushing Meadows and Corona Park,
46362,Canarsie Park - Dinapoli Playground,
46377,Alley Park - PS 213 Playground,
46383,Murray Playground,Murray Playground
46439,Flushing Meadows and Corona Park - World's Fair Playground,
46473,Central Park - East 72nd Street Playground,
46524,Atlantic Playground,
46528,West Playground,West Playground
46586,Crotona Park - Crotona Park Lake,
46620,Staten Island Greenbelt - High Rock Park,
46633,Ramon Aponte Park,Ramon Aponte Park
46660,Robert Venable Park,
46717,Jacob Schiff Playground - PS 192,
46761,Schmul Park,Schmul Park
46788,Cuyler Gore Playground,
46812,Tilden Playground,Tilden Playground
46845,Charlie's Place,Charlie's Place
46852,Recreation Center - St. Mary's,
46868,Central Park - Wild West Playground,
46897,Dugan Playground,Dugan Playground
46952,White Playground,White Playground
46978,John Jay Park and Pool,
47023,Jerome Playground,Jerome Playground
47036,Lost Battalion Hall,
47043,Pink Playground,Pink Playground
47048,Vidalia Park,Vidalia Park
47062,Forest Park - Carousel,
47087,Highbridge Park - Wallenberg Playground,
47136,Moore Playground,Moore Playground
47157,Wald Playground,Wald Playground
47172,Greenpoint Playground,Greenpoint Playground
47204,Straus Park,Straus Park
47207,Harvard Playground,Harvard Playground
47219,Remsen Playground,Remsen Playground
47239,Bicentennial Veterinary Park At Weir Center,
47255,Juniper South Playground,
47293,Nautilus Playground - Queens,
47296,Baruch Playground,Baruch Playground
47315,Wilson Playground,Wilson Playground
47320,Dr Gertrude B Kelly Playground,
47344,Luther Gulick Playground,Luther Gulick Playground
47403,Pool - Windmuller,
47408,Pool - David Fox - PS 251,
47422,Eleanor Roosevelt Playground,Eleanor Roosevelt Playground
47433,Prospect Park - South West Entrance,
47436,Zimmerman Playground,Zimmerman Playground
47452,Capt Jacob Joseph Playground,
47456,Cleopatra Playground,Cleopatra Playground
47485,Pierrepont Playground,Pierrepont Playground
47507,Gen Douglas Macarthur Park,
47525,Recreation Area,
47527,Jacob Riis Park,
47558,Barretto Point Park,Barretto Point Park
47581,Mellett Playground,Mellett Playground
47619,Hillside Park - JHS 172,
47630,Downing Playground,
47642,Prospect Park - Lower Long Meadow,
47660,St Gregory's Park,
47667,Pool - Edenwald Houses,
47669,Pool - Crotona,
47693,East Elmhurst Playground - PS 127,
47740,Eibs Pond Park,Eibs Pond Park
47745,South Shore Golf Course,
47752,William T Davis Wildlife Refuge,
47764,Virginia Playground,Virginia Playground
47792,Grove Hill Playground,Grove Hill Playground
47807,Elizabeth Stroud Playground,Elizabeth Stroud Playground
47824,Hinton Park,Hinton Park
47839,Astoria Health Center Playground,
47846,Van Cortlandt Park - Healy Field and Gaelic Field,
47860,Hart Playground,Hart Playground
47924,Latimer Playground,Latimer Playground
47939,Loreto Playground,Loreto Playground
47956,Poseidon Playground,Poseidon Playground
47967,Oxport Playground,Oxport Playground
47977,Cyprus Hills Playground,
47983,Ambrosini Field,Ambrosini Field
48006,Plimpton Playground,Plimpton Playground
48021,Belmont Playground - Bronx,
48063,Benniger Playground,
48103,Linden Park - Linden Park School Playground,
48152,Lafayette Playground,Lafayette Playground
48180,Mcdonald Playground - Staten Island,
48192,Pool - Bushwick,
48206,Recreation Center - Pelham Fritz,
48230,Cypress Hills Park,
48237,Lt Lia Playground,
48255,Sperandeo Brothers Playground,Sperandeo Brothers Playground
48266,Flushing Meadows and Corona Park - Jurassic Playground,
48291,Floyd Patterson Field,
48304,Curtis Park,
48336,Arthur Von Briesen Park,
48369,Prospect Park - Middle Long Meadow,
48384,Prospect Park - Lullwater and Boathouse,
48401,Pool - Dry Dock,
48410,Edenwald Playground,Edenwald Playground
48416,Riverbank State Park,
48422,Harvey Park,Harvey Park
48457,Dongan Playground,Dongan Playground
48468,Tiger Playground,Tiger Playground
48479,Louis J Valentino Jr Park and Pier,
48508,Highbridge Park - Fort George Playground,
48523,Bufano Playground,
48543,Pool - PS 20 Playground (Adelphi),
48550,Marc and Jason's Playground,
48566,Harris Field,
48611,Pool - Lindower Park,
48621,Aesop Playground,
48661,Spuyten Duyvil Playground,Spuyten Duyvil Playground
48696,Rachel Carson Playground,
48711,Alfred E Smith Park,
48735,Crocheron Park - Golden Pond In Crocheron Park,
48762,Walker Park,Walker Park
48793,Slattery Playground,Slattery Playground
48831,Bridge Park,Bridge Park
48845,Playground Seventy Five - PS 154,
48848,Mosholu Playground - PS 8,
48913,Cunningham Park - Redwood Playground,
48934,Bellaire Playground - PS 135,
48946,Powell's Cove Park,Powell's Cove Park
48960,Wright Brothers Park,
48970,Sheepshead Playground,Sheepshead Playground
48995,Nehemiah Park,Nehemiah Park
49005,Knox-Gates Playground,
49010,Turtle Playground,Turtle Playground
49021,Annandale Playground - PS 175,
49086,Emerald Playground - PS 200,
49095,Capt Tilly Park,
49113,Pool - Mapes,
49129,Bayswater Park - Bayswater Playground,
49139,Faber Park,
49145,Aqueduct Walk - Aqueduct Lands Playground,
49169,Downing Street Playground,Downing Street Playground
49172,Lt Joseph Petrosino Park,
49214,Greene Playground,Greene Playground
49244,Albert J Parham Playground,
49358,Pool - Tompkins Square,
49376,P.O. Nicholas Demutis Playground,
49384,Leif Ericson Drive Shore Parkway - Homecrest Playground,
49392,Hollis Playground - JHS 192,
49406,Pool - PS 186 Playground,
49409,Crotona Park - Bathgate Playground,
49436,Barretto Park,Barretto Park
49452,Convent Gardens,
49458,Nelson Playground,Nelson Playground
49490,Galileo Park,
49500,Space Time Playground,Space Time Playground
49535,Rock Garden Park,Rock Garden Park
49556,Belmont Playground - Brooklyn,
49566,Davidson Ave Community Playground,
49569,Mahoney Playground,Mahoney Playground
49583,Harold L Ickes Playground,
49587,Tribute Park,Tribute Park
49589,Haviland Playground,Haviland Playground
49592,Marcus Garvey Playground,
49614,Crotona Park - Hill and Dale Playground,
49617,Thomas Boyland Park,Thomas Boyland Park
49632,Bradys Pond Park,Bradys Pond Park
49642,Gun Hill Playground,Gun Hill Playground
49643,George Walker Jr. Park,George Walker Jr. Park
49654,Red Hook Park,
49698,Recreation Center - Crotona Park,
49702,Under The Tracks Playground,
49704,Lindower Park,Lindower Park
49751,Thorpe Family Playground,Thorpe Family Playground
49774,Central Park - Billy Johnson Playground,
49799,Seven Oaks,Seven Oaks
49817,Bill Brown Memorial Playground,
49864,Flushing Meadows and Corona Park - Lawrence Playground,
49872,Ocean Breeze Park,Ocean Breeze Park
49894,Co-Op City Field,
49900,Morris Garden,Morris Garden
49928,Seeley Park,Seeley Park
49937,Vernon Playground,
49943,Prospect Park - Garfield Tot Lot Playground,
49974,Peters Field,Peters Field
49986,Fishbridge Garden,Fishbridge Garden
49991,Epiphany Playground,Epiphany Playground
50008,Central Park - Bethesda Terrace,
50042,Doughboy Plaza,Doughboy Plaza
50110,Quarry Ballfields,Quarry Ballfields
50133,Leif Ericson Drive Shore Parkway,
50151,Pool - Tony Dapolito,
50167,100 Percent Playground - PS 242,
50192,Rappaport Playground,Rappaport Playground
50212,Van Cortlandt Park - Mosholu Golf Course,
50234,Harvey Playground,
50239,Kosciusko Pool,
50242,Van Dyke Playground,Van Dyke Playground
50250,Aqueduct Walk - Parque De Los Ninos Playground,
50256,Pool - Liberty,
50262,Rockaway Beach and Boardwalk - Beach 59th St Playground,
50275,Ralph J Bunche Park,
50287,South Rochdale Playground - PS 80,
50308,Newport Playground,Newport Playground
50317,Breukelen Park,
50321,Twenty Four Sycamores Park,
50341,Magenta Playground,Magenta Playground
50354,Flushing Meadows and Corona Park - Albert H. Mauro Playground,
50366,Pelham Bay Park - Bartow-Pell Woods,
50372,Colucci Playground,Colucci Playground
50411,Queens Valley Playground - PS 164,
50424,Central Park - Safari Playground,
50438,Coleman Playground,Coleman Playground
50451,Middleton Playground,Middleton Playground
50501,Judge Moses Weinstein Playground,Judge Moses Weinstein Playground
50512,Pool - Fisher,
50519,Forest Park - Jackson Pond Playground,
50543,Mae Grant Playground,Mae Grant Playground
50554,Andrews Playground,
50577,Bayside Playground - JHS 180,
50586,PFC Norton Playground,
50610,Clintonville Playground - JHS 194,
50634,Pool - Marcus Garvey Park,
50644,Governor Smith Playground,Governor Smith Playground
50648,Pool - West Brighton,
50658,Pool - Faber,
50670,Pool - Mariners Harbor Playground,
50673,Burns Playground,Burns Playground
50697,Dunbar Playground,Dunbar Playground
50703,Recreation Center - St. James,
50726,Forest Park - Giovannelli Playground,
50742,Brevoort Playground,Brevoort Playground
50756,Flushing Fields,Flushing Fields
50794,Alfred Smith - PS 1,
50798,Staten Island Greenbelt - Bucks Hollow,
50803,Brook Park,Brook Park
50810,Saint Johns Recreation Center,
50833,Pool - Gertrude Ederle,
50836,Crotona Park - Martin Van Buren Playground,
50842,Harmony Park,Harmony Park
50863,Glendale Playground,
50877,Tiffany Playground,Tiffany Playground
50890,People's Park,People's Park
50940,Laurelton Playground,Laurelton Playground
50961,Prospect Park - Peninsula,
50968,Crotona Park - Prospect Park Playground,
50974,Kennedy Playground,Kennedy Playground
50988,Bedford Playground,Bedford Playground
51044,Centerville Playground,
51072,The Pearly Gates,The Pearly Gates
51080,Tudor Grove Playground,Tudor Grove Playground
51096,Waring Playground,
51109,Friends Field,Friends Field
51162,Angelo Campanero Playground,
51170,Central Park - James Michael Levin Playground,
51177,Clement Clarke Moore Park,Clement Clarke Moore Park
51198,Recreation Center - Red Hook,
51224,Central Park - West 100th Street Playground,
51244,Lincoln Terrace Park - Arthur S Somers Playground,
51257,Pool - Roy Wilkins,
51338,PS 149 Playground,
51340,Ten Mile River Playground,
51356,Callahan-Kelly Playground,Callahan-Kelly Playground
51415,Pool - St. John's Recreation Center,
51444,Juniper North Playground Tennis,
51469,Hester St Playground,
51487,Riverside Park - Running Track and 78th St Ballfields,
51524,Manhattan Beach Park,Manhattan Beach Park
51562,Van Cortlandt Park - Van Cortlandt Stadium,
51565,Sol Lain Playground,
51580,Ravenswood  Playground,
51593,Bartlett Playground,Bartlett Playground
51599,John Adams  Playground,
51610,Fox Playground 1,
51629,Forest Park - Mary Whalen Playground,
51659,Grand Ave Playground,
51669,Coleman Square Playground,
51712,Henry M Jackson Playground,
51729,Recreation Center - Metropolitan Pool and Fitness Center,
51755,Frost Playground,Frost Playground
51763,Old Town Playground,Old Town Playground
51776,Crotona Park - Carter Playground,
51785,North Rochdale Playground - PS 30,
51795,Bayview Playground,Bayview Playground
51807,Lopez Playground,Lopez Playground
51812,Jacob's Ladder Playground,Jacob's Ladder Playground
51816,Ogden Plimpton Playground,Ogden Plimpton Playground
51835,Prospect Park - The Nethermead,
51839,Bill Bojangle Robinson Playground,
51843,Evergreen Park,Evergreen Park
51867,Briarwood Playground - JHS 217,
51887,Charlies Place,
51899,Joseph P Addabbo Memorial Park,
51910,Recreation Area - First Park,
51942,Forest Park - Joseph Devoy Playground,
51964,Ehrenreich Austin Playground,
51995,Breukelen Ballfields,Breukelen Ballfields
52000,Rochdale Park,Rochdale Park
52022,Clearview Park and Golf Course,
52035,Pool - MacArthur,
52038,Linden Park,Linden Park
52054,Aqueduct Walk - Waring Playground,
52057,Pool - PS 46 Playground,
52062,Abe Lincoln,
52075,Bushwick Ballfields,
52083,Recreation Center - Highbridge,
52096,Prospect Park - Lefferts Homestead Carousel,
52116,Van Alst Playground - PS 171,
52127,Recreation Center - Fifty-Four,
52149,Pool - JHS 57 and HS 26,
52153,Fountain Of Youth Playground,Fountain Of Youth Playground
52167,Broad Channel Park,Broad Channel Park
52185,P.O. Serrano Playground,P.O. Serrano Playground
52190,Markham Playground,Markham Playground
52215,Cherry Clinton Playground,Cherry Clinton Playground
52227,Matthews Muliner Playground,Matthews Muliner Playground
52234,Auburndale Playground - PS 32,
52252,Bill Robinson,
52256,Central Park - Conservatory Gardens West Landscape,
52264,Baisley Pond Park - Lakeview Lane Playground,
52305,Alley Park,Alley Park
52321,Lawerence Virgilio Playground,
52335,Sy Seplowe Playground - PS 94,
52344,Mathew  Muliner Playground,
52370,Sunshine Community Garden,Sunshine Community Garden
52373,107th Street Pier,
52385,Golf Course - Dyker Beach,
52395,Crotona Park - Clinton Playground,
52401,Starlight Park - Daniel Boone Playground,
52405,Recreation Center - Mullaly,
52409,Century Playground,Century Playground
52432,Dome Playground,Dome Playground
52464,Rochdale Park Playground  at JHS 72,
52475,174th St Playground,
52490,Freedom Square,
52501,La Guardia Playground South,
52502,Telephone Playground - PS 205,
52513,Ampere Playground - PS 64,
52518,Francis Lewis Playground - PS 130,
52544,Lafayette Gardens Playground,Lafayette Gardens Playground
52555,Bailey Playground,Bailey Playground
52565,Steuben Playground,Steuben Playground
52579,Underhill Playground - Queens,
52600,Sedgwick Playground,Sedgwick Playground
52617,Queensboro Oval,Queensboro Oval
52623,Arverne Playground,Arverne Playground
52631,Aqueduct Walk - River Park,
52650,Prescott Playground,Prescott Playground
52653,Idlewild Park,Idlewild Park
52663,Central Park - Rudin Playground,
52672,La Guardia Playground,La Guardia Playground
52688,Aqueduct Walk - Bronx Park,
52708,East River Playground - PS 146,
52721,Arrochar Playground,Arrochar Playground
52727,Dyker Playground,
52731,Aqueduct Walk - Frisch Field In Bronx Park,
52734,Grassmere Playground,Grassmere Playground
52748,Recreation Center - Gertrude Ederle,
52762,Playground One-Forty,
52763,East Springfield Playground,East Springfield Playground
52774,Playground Ninety - PS 148,
52780,Hunts Point Playground,Hunts Point Playground
52796,Green Central Knoll,Green Central Knoll
52808,Crotona Park - Tremont Park,
52813,Cedar Grove Playground - JHS 218,
52817,James J Walker Park,James J Walker Park
52849,Bergen Beach Playground,Bergen Beach Playground
52871,South Pacific Playground,South Pacific Playground
52887,Louis Armstrong Playground - PS 143,
52905,Forest Park - Dry Harbor Playground,
52930,Skyline Playground,Skyline Playground
52960,Rev J Polite Playground and Stebbins Playground,
52969,Wakefield Playground,Wakefield Playground
52980,Starlight Park - Bridge Playground,
52986,Buz O'Rourke Playground,
52997,Delphin Greene Playground - PS 176,
53001,Paul Raimonda Playground,Paul Raimonda Playground
53033,Nathan Weidenbaum Park,Nathan Weidenbaum Park
53041,John Golden Park,John Golden Park
53052,Ericsson Playground,Ericsson Playground
53055,Macombs Dam Park - Summit Playground,
53076,Prospect Park - Lookout Hill,
53102,Howard Playground,Howard Playground
53109,Pool - Metropolitan Avenue,
53150,Minetta Playground,Minetta Playground
53195,Hero Park,Hero Park
53203,Rosewood Playground,
53215,Jamaica Playground - PS 40,
53223,Sutter Ballfields,Sutter Ballfields
53226,Prospect Park - Prospect Park West,
53230,Central Park - Strawberry Fields,
53234,Julio Carballo Field,
53244,Charlton Garden,Charlton Garden
53246,West 4th Street Courts,West 4th Street Courts
53254,Sheepshead Bay Piers,Sheepshead Bay Piers
53268,Abraham Lincoln Playground,Abraham Lincoln Playground
53282,Bildersee Playground,Bildersee Playground
53284,Tottenville Shore Park,Tottenville Shore Park
53288,Van Cortlandt Park - Indian Memorial To Indian Field,
53315,Hattie Carthan Playground,Hattie Carthan Playground
53328,Blackrock Playground,
53332,Grand Canal Court,Grand Canal Court
53335,Prospect Park - Main Entrance,
53357,Playground Twenty One - PS 184,
53363,Benson Playground,Benson Playground
53379,Hunt's Point Riverside Park,
53395,Central Park - East Meadow,
53416,Rodney Playground North,Rodney Playground North
53417,McGuire Fields,McGuire Fields
53422,Watson Gleason Playground,Watson Gleason Playground
53450,Pearl St Playground,Pearl St Playground
53462,Behagen Playground,Behagen Playground
53472,Pomonok,
53476,Central Park - Heckscher Playground,
53485,Queensbridge Park,Queensbridge Park
53510,Patrick O'Rourke Park,Patrick O'Rourke Park
53523,Pelham Bay Park - Pelham South Park Headquarters,
53532,Alice Kornegay,
53552,Central Park - North Meadow,
53558,Alley Pond Park - Wild Flower Meadow,
53571,Frederick E. Samuel Playground,
53591,Willowbrook Parkway,Willowbrook Parkway
53596,Prospect Park - Ravine and The Pools,
53600,Central Park - Sheep Meadow,
53607,Doctor Gertrude B Kelly Playground,
53637,Lt Nicholaus Lia Playground,
53641,Dan Ross Playground,Dan Ross Playground
53655,Golf Course - LaTourette,
53672,Captain Mario Fajardo Park,
53682,Golf Course - South Shore,
53691,Monsignor Kett Playground,Monsignor Kett Playground
53700,6BC Botanical Garden,6BC Botanical Garden
53703,Horseshoe Playground,Horseshoe Playground
53714,146 St Playground,
53719,Aqueduct Walk - Olinville Playground,
53736,Recreation Center - McCarren Park,
53751,Van Cortlandt Park - Gun Hill Meadow,
53759,Manhattan Beach - Manhattan Beach Park Playground,
53777,Prospect Park - Ocean Avenue,
53793,Rocket Park,Rocket Park
53796,Pelham Bay Park - Orchard Beach Playground,
53802,Recreation Center - George Cromwell,
53814,Midland Field,Midland Field
53827,Junction Playground,Junction Playground
53840,Riverside Park - Palisades Playground,
53850,Catbird Playground,
53851,Bellevue South Park,Bellevue South Park
53886,Chester Playground,Chester Playground
53895,Van Cortlandt Park - Kelley Fields,
53908,Osborn Playground,Osborn Playground
53915,Marble Hill Playground,Marble Hill Playground
53922,Manhattan Beach - Pat Perlato Playground,
53939,Recreation Center - Von King Cultural Arts Center,
53947,Crotona Park - Boxcar Playground,
53951,Prospect Park - Breeze Hill,
54008,Aqueduct Walk - Rosewood Playground,
54010,Pinocchio Playground,Pinocchio Playground
54019,Lieutenant Petrosino Square,
54053,Playground Eighty - PS 115,
54058,Clinton Community Garden,Clinton Community Garden
54062,West 104th Street Garden,
54063,Squibb Park,Squibb Park
54073,Recreation Center - Haffen Park,
54074,Brady Playground,
54090,City Line Park,City Line Park
54114,Frank Golden Park - 136 Street Playground,
54118,Bushwick Playground and Pool,
54121,Annadale Green,Annadale Green
54127,Seton Falls Park - High Rock Playground,
54138,Pool - Brownsville Recreation Center,
54153,Ethan Allen Playground,Ethan Allen Playground
54166,Udalls Park Preserve,
54174,Rockaway Beach and Boardwalk - Beach 17th St Playground,
54183,Prospect Park - The Bandshell A,
54185,Vleigh Playground - PS 165,
54211,Houston St Playground,
54220,Captain Mario Fajardo Park Playground,
54228,Kennedy King Playground,Kennedy King Playground
54240,Sumner Playground - PS 59,
54254,Crotona Park - Crotona Playground,
54257,De Matti Playground,De Matti Playground
54261,Bloomingdale Playground,Bloomingdale Playground
54274,Dr Ronald E McNair Playground,
54298,Park Strip,
54303,Tenney Park,
54312,Staten Island Greenbelt Park - Deere Park,
54317,Double Nickel Playground - PS 55,
54332,Randall Playground,Randall Playground
54341,Asser Levy - Asser Levy Playground,
54367,Blood Root Valley - Greenbelt,
54373,Staten Island Greenbelt Park - William T. Davis Wildlife Refuge,
54381,Tot Lot One Hundred Five,
54397,Playground 103,
54399,Alice Austen Park,Alice Austen Park
54409,Golf Course - Douglaston,
54416,Levy Playground,Levy Playground
54429,New Ballfield,
54431,TLC Sculpture Park Garden,TLC Sculpture Park Garden
54433,Dry Dock Playground,Dry Dock Playground
54448,Mary O'Connor Playground,Mary O'Connor Playground
54457,Broad Channel American Park,Broad Channel American Park
54471,Mazzei Playground,Mazzei Playground
54485,Starlight Park - Havemeyer Playground,
54502,Desalvio Playground,
54520,Gouverneur Playground,Gouverneur Playground
54528,James Weldon Johnson Playground - PS 57,
54538,La Tourette Park and Golf Course,
54549,Willis Playground,Willis Playground
54591,Rodney Park North,Rodney Park North
54593,Alley Pond Park - Nature Center,
54596,Sheltering Arms Park,
54612,Arrow Community Garden,
54614,Crotona Park - Hylan Park,
54618,Recreation Center - Faber Park,
54623,Northern Playground,Northern Playground
54669,Corona Mac Park,Corona Mac Park
54675,Oracle Playground,Oracle Playground
54693,City Island Wetlands,City Island Wetlands
54699,Risse St Park,
54704,Kissena Velodrome - Cycling Track,
54711,Lemon Creek Park,Lemon Creek Park
54744,Sixteen Sycamores Playground,Sixteen Sycamores Playground
54770,Murray Hill Playground - PS 22,
54786,Longfellow Garden,Longfellow Garden
54792,Woodruff Playground,Woodruff Playground
54799,Pelham North Park Headquarters,
54802,St Mary's Playground,
54805,Cedar Grove,
54818,Fish Playground,Fish Playground
54825,Gardens Of Union,Gardens Of Union
54827,Andries Playground,Andries Playground
54839,Stanley Isaacs Court,
54849,William F Passanante Ballfield,
54867,Owen Dolen Golden Age Center,
54875,Hugenot Ponds Park,
54880,Rockaway Playground - N,
54885,Playground A4 at Bailey and 234 Street,
54887,PS 125 Playground,
54890,Flushing Meadows and Corona Park - World Ice Arena,
54907,Westwood Park,Westwood Park
54909,White Playground A,
54924,Harry Maze Playground,Harry Maze Playground
54935,PS 286 Playground,
54936,Machate Circle,Machate Circle
54940,Bayside Fields,Bayside Fields
54956,Castle Hill Playground,Castle Hill Playground
54968,Martin Luther Playground,Martin Luther Playground
54980,Flushing Meadows and Corona Park - Unisphere,
54997,Recreation Center - North Meadow,
55010,Lefferts Playground,Lefferts Playground
55031,Gutenberg Playground,Gutenberg Playground
55057,Canal Park,Canal Park
55064,Central Park - Great Lawn Playground,
55065,Leonardo Ingravallo Playground,
55068,Davis Playground,Davis Playground
55074,Aqueduct Walk - Bronx River Parkway West,
55076,Central Park - Blockhouse One,
55080,Recreation Center - J. Hood Wright,
55093,Glenwood Playground,Glenwood Playground
55100,Golf Course - Pelham and Split Rock,
55104,Kaiser Park - Leon S Kaiser Playground,
55110,Prospect Park - Midwood,
55119,Agnes Haywood Playground,Agnes Haywood Playground
55125,Arcilla Playground,Arcilla Playground
55136,Gowanus Playground,
55147,St Nicholas - Olive St Garden,
55149,Pool - Chelsea,
55157,Baisley Pond Park - Sutphin Playground,
55175,Central Park - Reservoir Northeast,
55178,Central Park - Wien Walk and Arsenal,
55182,Maurice A Fitzgerald Playground,Maurice A Fitzgerald Playground
55195,Van Cortlandt Park - Ice Skating Rink,
55201,Kaltenmeier Playground,Kaltenmeier Playground
55211,Steinway Playground and JHS 141,
55226,St Mary's Playground East,
55231,Redfern Playground,Redfern Playground
55234,Van Cortlandt Park - Nature Center,
55243,Vietnam Veterans Plaza,Vietnam Veterans Plaza
55246,9th St Community Garden Park,9th St Community Garden Park
55250,Playground One Thirty Four,
55253,Cozzens Woods and Long Pond Park,
55264,Garden Playground,Garden Playground
55266,Pelham Bay Park - Hunter Island,
55268,115th Street Playground,
55278,Project Eden,Project Eden
55280,Grady Playground,Grady Playground
55299,Mott Playground,Mott Playground
55321,Crack Is Wack Playground,Crack Is Wack Playground
55327,Golf Course - Mosholu,
55330,Youth Village,Youth Village
55333,Sailors Snug Harbor,
55352,A Chiarantano Park,
55357,Queens Farm Museum,
55360,Recreation Center - Vic Hanson,
55366,Greenbelt - Nature Center,
55372,Macarthur Park,
55385,Parks Council Success Garden,Parks Council Success Garden
55387,Pelham Bay Park - Orchard Beach Parking Lot,
55392,Cuite Park,
55405,Mount Hope Garden,Mount Hope Garden
55408,Golf Course - Forest Park,
55410,Sobel Court Park,Sobel Court Park
55415,Pulaski Park,Pulaski Park
55425,Recreation Center - A.R.R.O.W.,
55429,Pool - Brooklyn Bridge Park Pop-Up,
55431,Van Cortlandt Park - Middle Putnam Trail and Tibbets Brook,
55434,Pelham Bay Park - Orchard Beach Pavilion,
55439,Pool - Marie Curie Park,
55440,Walton Ave Aa Park,
55446,Merriam Playground,Merriam Playground
55464,Recreation Center - Hunt's Point,
55474,Pool - Howard,
55479,Midland Playground,Midland Playground
55497,174 St Playground,
55500,Gunn Park - PS 18,
55506,Hook Creek Marsh,
55508,Dematti Playground,
55516,River Garden,River Garden
55518,Duke Park,Duke Park
55520,Pool - Recreation Center 54,
55532,Sophie Irene Loeb,Sophie Irene Loeb
55533,Garrison Playground,Garrison Playground
55542,Spring Creek Park,Spring Creek Park
55560,Metcalf Playground,
55567,Prospect Park - Willink Hill,
55568,St Nicholas - Powers St Garden,
55569,Browne Park - Boone Playground,
55573,6th St and Ave B Community Garden,6th St and Ave B Community Garden
55577,Rev Lena Irons Unity Park,Rev Lena Irons Unity Park
55580,Murphys Brothers Playground,
55587,Virginia Principe Playground,
55596,Liotti Ikefugi Playgound,
55601,Hendrick I Lott House,
55603,Morgan Playground,Morgan Playground
55612,French Charley's Playground,
55621,Pool - Abe Lincoln,
55625,Central Park - Northwest Corner,
55627,Weeksville Playground,Weeksville Playground
55631,Alley Pond Park - Horatio Playground,
55646,Roberto Clemente Ballfield,Roberto Clemente Ballfield
55663,Samuel N 2nd Bennerson Playground,
55674,Hallets Point Playground - Area B,
55678,Lyons Playground,
55681,Recreation Center - Betsy Head CBO- Amboy Neighborhood Center,
55683,Mariner's Marsh Park,
55686,Jefferson Market Garden,Jefferson Market Garden
55691,Stars and Stripes Playground,
55697,Golf Course - Randalls Island Driving Range,
55700,Seven Gables Playground - IS 74,
55708,Staten Island Industrial Park,Staten Island Industrial Park
55709,Mariners Harbor Playground,Mariners Harbor Playground
55715,Crotona Park - Crotona Tennis House and Courts,
55723,Central Park - The Great Hill,
55727,Fidler - Wyckoff House Park,
55729,Harlem Lane Playground,Harlem Lane Playground
55730,Maclaughlin,
55733,Bridge and Tunnel Park,Bridge and Tunnel Park
55736,Alley Park - Wild Flower Meadow,
55739,Harry Maze Memorial Park,
55745,Brant Point Wildlife Sanctuary,Brant Point Wildlife Sanctuary
55746,Mapes Ballfields,
55751,Little Claremont Park,Little Claremont Park
55756,Classon Neighborhood Playground,
55760,Golf Course - Marine Park,
55763,Lie Playground - Real Good Park,
55764,Goble Playground,Goble Playground
55768,"Van Cortlandt Park - Mansion, Tennis Courts, Memorial Grove",
55776,Central Park - The Lake,
55777,Ave J Playground,
55784,Marx Brothers Playground,Marx Brothers Playground
55789,Recreation Center - Sorrentino,
55799,Central Park - Wallach Walk and East Green,
55800,Springfield Playground,
55807,Sunrise Playground - PS 195,
55833,Ten Eyck Plaza,Ten Eyck Plaza
55835,Fresh Creek Nature Preserve,Fresh Creek Nature Preserve
55847,Van Cortlandt Park - Parade Ground South,
55853,Cadwallader Colden Playground - PS 214,
55869,Golconda Playground,Golconda Playground
55874,El Puente - Earth Spirit Garden,
55875,Lozada Playground,Lozada Playground
55880,Central Park - Reservoir Running Track and Landscape,
55881,Harlem Lane Park,
55892,Holcombe Rucker,
55897,Recreation Center - Passerelle Building,
55900,Police Officer Edward Byrne Park,Police Officer Edward Byrne Park
55908,Loring Field,
55915,The Amazing Garden,The Amazing Garden
55916,Roy Wilkins Recreation Center,Roy Wilkins Recreation Center
55994,Kingfisher Park,
56007,Flushing Meadows and Corona Park - Saturn Play Equipment,
56013,Laurelton Parkway,Laurelton Parkway
56025,Field Of Dreams Park,Field Of Dreams Park
56033,Hoe Garden,Hoe Garden
56035,Gun Hill  Playground,
56039,Rodney Park South,Rodney Park South
56041,Collyer Brothers Park,Collyer Brothers Park
56044,Williamsburg Bridge Playground,
56047,Givans Creek Woods Park,
56052,Monsignor Crawford Field,Monsignor Crawford Field
56054,Recreation Center - Recreation Center 54,
56070,Rolf Henry Playground,Rolf Henry Playground
56074,Starlight Park - Peace Park,
56075,Recreation Center - West Bronx - expired,
56078,Bunker Ponds Park,Bunker Ponds Park
56081,Highland Park Area A,
56148,Paul W Kolbert Park and Rachel Haber Cohen Playground,
56159,Powells Cove Park,
56194,Sachkerah Woods Playground,
56198,Asser Levy Recreation Center,
56223,Recreation Center - Cunningham,
56227,St Luke's Park,
56229,Aqueduct Walk - Allerton Fields In Bronx Park,
56232,Columbus Park - Korean War Veterans Plaza,
56246,Sidney Hillman Playground,Sidney Hillman Playground
56252,Powell Playground,Powell Playground
56259,The Rink at Bryant Park,
56266,Renaissance Playground,Renaissance Playground
56278,Pelham Bay Park - Memorial Grove,
56280,East Flatbush Childrens Park,
56282,Bellerose Playground - PS 133,
56287,Leif Ericson Drive Shore Parkway - Mcguire Fields,
56289,Van Cortlandt Park - NW Forest,
56292,Crotona Park - Nature Center,
56302,Naples Playground,Naples Playground
56319,Triborough Bridge Playground E,Triborough Bridge Playground E
56320,Rockaway Community Park,Rockaway Community Park
56324,Firemen's Memorial Garden,Firemen's Memorial Garden
56325,Seth Low Playground,
56376,Rienzi Playground,Rienzi Playground
56378,Admiral Triangle,Admiral Triangle
56383,Clawson Playground Playground - PS 50,
56397,Hallets Cove Playground - Area A,
56400,Smokey Oval,
56413,Pool - Thompson Street,
56416,Cabbell Park and Cambria Playground,
56454,St Mary's Playground South,
56457,Pelham Bay Park - Central Woodland,
56465,Brownsville Playground,Brownsville Playground
56467,Recreation Center - Garnetville Jennifer's Playground,
56470,Triborough Bridge Playground D,Triborough Bridge Playground D
56471,Pool - PS 10,
56472,Central Park - Lasker Ice Skating Rink,
56473,Alstyne Playground,
56476,Bridge Park 2,
56480,Pool - Bronx River Playground,
56481,Golf Course - Van Cortlandt,
56483,Forest Park - The Bandshell,
56488,Van Cortlandt Park - Saturn Play Equipment,
56489,Van Cortlandt Park - Croton Woods,
56493,Tudor Park,Tudor Park
56501,Sweetgum Playground,
56502,Barrett Park,Barrett Park
56508,Central Park - Ross Pinetum,
56511,Roberto Clemente State Park,
56512,Dyker Heights Playground,
56521,Kosciusko Street Garden,
56522,Crotona Malls,
56528,Stockton Playground,Stockton Playground
56531,Highbridge Recreation Center,
56538,Van Cortlandt Park - Old Croton Aqueduct Trail Middle,
56542,Public Place,Public Place
56547,Prospect Park - Prospect Lake Near Duck Island,
56549,Prospect Park - Vale Of Cashmere Ellies Lawn,
56553,Frederick B Judge Playground,
56556,Recreation Center - Bowne Park,
56559,Central Park - Reservoir Southeast,
56560,Recreation Center - Morningside Park,
56562,Prospect Park - Prospect Lake Near West Island,
56564,Louis Cuvillier Park,Louis Cuvillier Park
56565,Prospect Park - Quaker Hill and Friends Cemetery,
56567,Rockaway Freeway and Kohlridir Sq,
56572,Clove's Tail,Clove's Tail
56573,Metro North Community Gardens,
56574,Recreation Center - Detective Keith Williams (Liberty Park),
56576,Pelham Bay Park - Split Rock Trail,
56579,Joseph Rodman Drake Park,Joseph Rodman Drake Park
56583,Public Theatre,
56584,Deer Park,
56586,Brooklyn Bears Carlton Avenue Garden,
56587,Pelham Bay Park - Rodmans Neck East,
56594,Park at Richmond Parkway,
56596,Saw Mill Creek Marsh,Saw Mill Creek Marsh
56612,Pelham Bay Park - Rodmans Neck West,
56615,Lions' Pride Playground,
56619,Brooklyn Bears Rockwell Pl Garden,Brooklyn Bears Rockwell Pl Garden
56622,Central Park - The Ramble,
56623,Van Cortlandt Park - North East Forest,
56631,Central Park - Heckscher Ballfields and Playground,
56634,St Mary's Playground West,
56639,PS 4 Paradise Garden,
56640,Hook Creek - Field Of Dreams,
56644,Castle Hill Little League,
56645,Aqueduct Walk - Ben Abrams Playground,
56648,Sgt William Dougherty Playground,
56650,Golf Course - Silver Lake,
56656,Central Park - Pat Hoffman Friedman Playground,
56659,Leif Ericson Drive Shore Parkway - Six Diamonds,
56665,Saratoga Ballfields,Saratoga Ballfields
56669,Hattie Carthan Garden,
56670,Alexander Alley,
56672,Galapo Playground,Galapo Playground
56682,Sant Nicholas - Olive St Garden,
56685,Northern Playground - PS 149,
56687,Pleasant Village Community Gdn,
56689,Aqueduct Walk - Bronx River Parkway East,
56690,Coney Island Boat Basin,Coney Island Boat Basin
56691,Stebbins Playground,Stebbins Playground
56692,Livonia Park,Livonia Park
56695,Prospect Park - West Parade Grounds,
56698,Kings Plaza Marina,
56699,Bayview Terrace Park,Bayview Terrace Park
56701,Central Park - The Mall and Rumsey Playfield,
56708,Alley Playground - PS 213,
56711,Triborough Bridge Playground C,Triborough Bridge Playground C
56712,Pelham Bay Park - Nature Center,
56714,Staten Island Greenbelt Park - Willowbrook Park Recreational Area,
56718,Recreation Center - Kingsbridge Heights,
56719,Martins Field,
56722,Webster Ave Community Playground,
56723,Golf Course - Kissena,
56727,Golf Course - Flushing Meadows Corona Park Pitch and Putt,
56728,Garden Of Happiness,Garden Of Happiness
56729,Hammel Playground,Hammel Playground
56734,Central Park - Wollman Ice Skating Rink,
56736,Imagine Playground,
56737,Owl's Head Park 1,
56739,PS 45 Playground,
56740,Tot Lot Park,
56741,Central Park - Frawleys Circle,
56742,Aqueduct Walk - Brady Playground,
56744,Charles W Cooke Farm Park,
56746,Cauldwell Playground,
56748,Terrapin Playground - JHS 51,
56757,Sandpiper Playground,
56759,Douglaston Park,
56761,Linnaeus Playground,
56769,Barrier Playground,Barrier Playground
56773,Parkside Playground,Parkside Playground
56775,Staten Island Greenbelt - Blood Root Valley,
56776,Nellie Bly Park,Nellie Bly Park
56777,Golf Course - Golden Bear Driving Range,
56779,Neptune Playground,Neptune Playground
56780,Aqueduct Walk - French Charley Playground,
56782,Playground Ninety PS 148,
56785,Westbourne Playground,Westbourne Playground
56786,The Creative Little Garden,The Creative Little Garden
56787,Crotona Park - Playground Of The Stars,
56790,Van Cortlandt Park - Stables Area,
56791,Scarangella Park - Lafayette Playground,
56792,Buswhick Playground,
56793,Steeplechase Park,Steeplechase Park
56794,Miracle Garden,Miracle Garden
56798,Recreation Center - Playground for All Children,
56799,Brooklyn Botanic Garden 1 - EXPIRE,
56800,Prospect Playground,Prospect Playground
56801,Goodwin Gardens,Goodwin Gardens
56803,,Flight 587 Memorial Park
56804,,WNYC Transmitter Park
56805,,Red Hook Recreation Area
56806,,Pier 107 CVII
56807,,Faber Pool and Park
56808,,Franklin D. Roosevelt Boardwalk and Beach
56809,,Snug Harbor Cultural Center
56810,,Thursby Basin Park
56811,,Calvert Vaux Park
56812,,Riverside Park South
56813,,Abe Stark Skating Rink
56814,,Concrete Plant Park
56815,,Hunter's Point South Park
56816,,Sherman Creek
56817,,Pier 42
56818,,Jaime Campiz Playground
56819,,Lentol Garden
56820,,14 Honey Locusts Park
56821,,Matthews - Palmer Playground
56822,,Bufano Park
56823,,Hansborough Recreation Center
56824,,Givan Square
56825,,A.R.R.O.W. Field House
56826,,Mariners Marsh Park
56827,,Boston Garden
56828,,Metropolitan Recreation Center
56829,,Marcy Green Center
56830,,Marcy Green North
56831,,Sorrentino Recreation Center
56832,,Hope Garden
56833,,Gustave Hartman Square
56834,,Marcy Green South
56835,,Recreation Center 54
56836,,Kosciuszko Street Garden
56837,,Captain Jacob Joseph Playground
56838,,Minetta Green
56839,,Charlton Plaza
56840,,Joseph C. Sauer Park
56841,,Children's Garden
56842,,William F. Passannante Ballfield
56843,,Albert J. Parham Playground
56844,,Stanley Isaacs Playground
56845,,Peter Detmold Park
56846,,Twenty-Four Sycamores Park
56847,,Wagner Houses Pool
56848,,MacArthur Park
56849,,Fisher Pool
56850,,Stars & Stripes Playground
56851,,James Weldon Johnson Playground
56852,,Dag Hammarskjold Plaza
56853,,Almeda Playground
56854,,Sara D. Roosevelt Park
56855,,Wanaqua Garden
56856,,Padre Plaza
56857,,United We Stand Garden
56858,,The Public Theater
56859,,Orchard Alley Garden
56860,,St. Ann's Block Association Garden
56861,,Isla Verde Garden
56862,,Courtlandt Avenue Association Garden
56863,,J. Hood Wright Park
56864,,Worth Square
56865,,Robert L. Clinkscales Playground and Community Garden
56866,,Hart To Hart
56867,,Verdi Square
56868,,Lafayette Square
56869,,Castle Hill Little League Field
56870,,Demera/Santiago Garden
56871,,Fox Playground
56873,,Wishing Well Garden
56874,,Roger Morris Park
56875,,St. Vartan Park
56876,,St. Nicholas Park
56877,,St. Catherine's Park
56878,,Gertrude Ederle Recreation Center
56879,,Dr. Gertrude B. Kelly Playground
56880,,Rev J Polite Playground
56881,,Printer's Park
56882,,Edith Garden
56883,,Jardin de la Roca
56884,,Jackson-Forest Community Garden
56885,,Jardin De La Familia
56886,,Genesis Park Community Garden
56887,,CS 134 Community Improvement Garden
56888,,P.S. 186 Day Treatment Program
56889,,Daniel Boone Playground
56890,,Angie Lee Gonzales Garden
56891,,Eae J Mitchell Park
56892,,Mitchel Square
56893,,Murphy's Brother's Playground
56894,,El Batey de Dona Provi Garden
56895,,Stop & Go Playground
56896,,Richard Tucker Square
56897,,Volky Garden & Flowers
56898,,Krystal Garden Group
56899,,Harlem RBI
56900,,Belmont Playground
56902,,D'Auria-Murphy Triangle
56903,,Charles W Cooke Farm Garden
56904,,Farm in the Bronx
56905,,Bathgate Playground
56906,,Lot
56910,,Woodycrest Community Garden
56911,,Park
57035,,Taqwa Community Farm
57036,,La Isla Garden
57037,,Herald Square
57038,,Dred Scott Bird Sanctuary
57039,,Greeley Square Park
57040,,Claremont Neighborhood Garden
57041,,Dyckman House Museum
57042,,Half-Nelson Playground
57043,,Townsend Garden
57044,,Jardin De Las Rosas
57045,,Walton Park
57046,,Grand Playground
57047,,Davidson Playground
57048,,Davidson Ave. Community Gardeners Group
57049,,Bryan Park
57050,,Fordham Bedford Lot Busters
57051,,Margaret I. Carman Green - Weeping Beech
57052,,Harris Park
57053,,Risse Street Park
57054,,Valentine Varian House
57055,,Cooney Grauer Field
57056,,Kingsbridge Heights Community Center
57057,,Siren Slope
57058,,Hilton White Playground
57059,,Washington's Walk
57060,,Rita Ley Triangle
57061,,Columbus Park
57063,,Wave Hill
57064,,Riverdale Playground
57065,,Daly Ave Garden
57066,,110th Street Block Association Garden
57067,,Ralph Bunche Park
57068,,Alexander's Alley
57069,,River Avenue Parks
57070,,Garden Of Life
57071,,Garden Of Eden
57072,,Raoul Wallenberg Forest
57073,,Fruit Street Sitting Area
57074,,Tony Dapolito Recreation Center
57075,,Hillside Park
57077,,Sgt. William Dougherty Playground
57078,,Frederick Johnson Playground
57079,,McCaffrey Playground
57080,,Prospect Cemetery
57081,,Waterfront Garden
57082,,Hawkins Park
57083,,Fresh Meadows Playground
57084,,Vladeck Park
57085,,Peter Minuit Playground
57086,,Col. Young Playground
57087,,Southside Burial Ground
57088,,Sheltering Arms Playground
57089,,Alfred E. Smith Playground
57090,,Booker T. Washington Playground
57091,,Trygve Lie Plaza
57092,,Playground One Twenty Five CXXV
57093,,Alice Kornegay Triangle
57094,,Each One Teach One
57095,,St. Nicholas Playground South
57096,,St. Nicholas Playground North
57097,,East Elmhurst Playground
57098,,Tom McDonald Triangle
57099,,Chiarantano Playground
57100,,Success Garden
57101,,Lott Park
57102,,East Flatbush Children's Park
57103,,Ebenezer Wesleyan Garden
57104,,Hoparkinson R&L Block Association Garden
57105,,Jes Good Rewards Childeren's Garden
57106,,Cherry Tree Park
57107,,Howard Bennett Playground
57108,,Josephine Caminiti Playground
57109,,Daniel M. O'Connell Playground
57110,,Frederick B. Judge Playground
57111,,DeSalvio Playground
57112,,Jacob H. Schiff Playground
57113,,St. Michael's Playground
57114,,Playground Thirty Five XXXV
57115,,The Painter's Playground
57116,,Ravenswood Playground
57117,,Electric Playground
57118,,Playground Ninety
57119,,Centreville Playground
57120,,Augustus St. Gaudens Playground
57121,,Henry M. Jackson Playground
57122,,Poor Richard's Playground
57123,,Lincoln Center Plaza
57124,,Matthew P. Sapolin Playground
57125,,LaGuardia Landing Lights
57131,,Steinway Playground
57132,,Wright Brothers Playground
57133,,Sol Lain Plgd
57134,,Samuel Seabury Playground
57135,,Corporal John A. Seravalli Playground
57136,,P.S. 155 Playground
57137,,Collect Pond Park
57138,,Eugene McCabe Field
57139,,Sol Bloom Playground
57140,,St. James Triangle
57141,,East River Playground
57142,,McKinley Playground
57143,,Chelsea Recreation Center
57144,,Yellowstone Park
57145,,Private William Gray Park
57146,,Louis Armstrong Community Center
57147,,Mckinley's Children's Garden
57148,,CEP Community Garden
57149,,West 111th St. People's Garden
57150,,Peaceful Valley Garden
57151,,Harlem Rose Garden
57152,,El Jardin Del Paraiso Park
57153,,Hell's Kitchen Park
57154,,Septuagesimo UNO
57155,,Convent Garden
57156,,Dr. Ronald E. McNair Playground
57157,,132 St Block Association Park
57158,,Santos White Garden
57159,,Unity Gardens
57160,,Pleasant Village Community Garden
57161,,St. Gregory's Playground
57162,,West 186th Street Basketball Court
57163,,W 104th Street Garden
57164,,Rev. Linnette C Williamson Memorial Park
57165,,Frank White Neighborhood Service Center
57166,,Merchant's House Museum
57167,,Old Croton Aqueduct Gatehouse
57168,,Diamante Garden
57169,,La Plaza Cultural
57170,,Liz Christy Garden
57171,,William B. Washington Memorial Garden
57172,,Generation X
57173,,Family Community Garden
57175,,117th St Community Garden
57176,,The Secret Garden
57177,,Brisas Del Caribe
57178,,De Colores Community Yard and Cultural Center
57179,,Elizabeth Langley Memorial Garden
57180,,Garden Of Love
57181,,Community Garden Association
57182,,Vamos Sembrar
57183,,Humacao Community Garden
57184,,Kenkeleba House
57185,,Life Spire Garden
57186,,Mobilization For Change
57187,,Morris-Jumel Ecological Education Garden
57188,,New 123rd St Block Association Garden
57189,,Peachtree Garden
57190,,Joseph Daniel Wilson Garden
57191,,Yu Suen Garden
57192,,P.S. 76 Garden
57193,,Los Amigos Garden
57194,,First Street Garden
57195,,Lower East Side Ecology Center
57196,,W 124th Street Community Garden
57197,,Jackie Robinson Community Garden
57198,,Our Little Green Acre/garden Eight
57199,,Urban Botanical Soc./Sam and Sadie Koenig Garden
57200,,Pleasant Park Garden
57201,,United Block Association Garden
57202,,La Cuevita Garden
57203,,Pueble Unido Garden
57204,,Andrews Grove
57205,,Corona Taxpayers Association
57206,,Simeone Park
57207,,Two Coves Community Garden
57208,,Heisser Triangle
57209,,Brooklyn Botanic Garden
57210,,Greenbelt Native Plant Center
57211,,Highland Park Childrens Garden
57212,,Martin Luther King Jr. Playground
57213,,Big Red Garden
57214,,Reed's Basket Willow Swamp Park
57215,,Lower East Side Playground
57216,,Lost Battalion Hall Recreation Center
57217,,LaTourette Park & Golf Course
57218,,Grandview Playground
57219,,Korean War Veterans Plaza
57220,,Clawson Playground
57221,,Sports Park
57222,,Latinos Unidos Garden
57223,,Harold Ickes Playground
57224,,Greencroft Playground
57225,,South Shore Country Club
57226,,CPL. Thompson Park
57227,,Tottenville Pool
57228,,Lt. Lia Playground
57229,,Joe Holzka Community Garden
57230,,Dr. Green Playground
57231,,Clearview's Tail
57232,,P.S. 125 Playground
57233,,John Hancock Playground
57234,,Aesop Park
57235,,Continental Army Plaza
57236,,Russell Pedersen Playground
57237,,Pfc Norton Playground
57238,,Harry Chapin Playground
57239,,United Community Center Garden
57240,,Police Officer Nicholas Demutiis Park
57241,,Trinity Park
57242,,Jennie Jerome Playground
57243,,Queens Valley Playground
57244,,Dutch Kills Playground
57245,,Rockaway Garage
57246,,P.O. Reinaldo Salgado Playground
57247,,St. Andrew's Playground
57248,,Yankee Stadium Garages/Lots
57249,,Seward Park
57250,,Nicholas Naquan Heyward Jr. Park
57251,,McDonald Playground
57253,,Howard Pool
57254,,Potomac Playground
57255,,Sumner Playground
57256,,St. Mary's Park
57259,,Marc And Jason's Playground
57260,,Luna Park
57261,,Playground 286
57262,,El Shabazz Playground
57263,,Beach Channel Playground
57264,,Rainbow Garden
57265,,Di Gilio Playground
57266,,Whalen Park
57267,,100% Playground
57268,,Green Gems
57269,,Stroud Playground
57270,,Kosciuszko Pool
57271,,Curtis Playground
57272,,De Hostos Playground
57273,,Floyd Patterson Ballfields
57274,,University Place
57275,,Robert E. Venable Park
57276,,Gateway Triangle
57277,,Lt. Federico Narvaez Tot Lot
57278,,Carter G. Woodson Children's Park
57279,,Magnolia Tree Earth Center
57280,,Human Compass Garden
57281,,The Backyard
57282,,Summit Street Community Garden
57283,,Hull Street Garden
57284,,Georgia Ave Garden
57285,,P.S. 4 Paradise Garden
57286,,Umoja Garden
57287,,Brooklyn Bears Carlton Ave Garden
57288,,Project Roots
57289,,Earth Spirit Garden
57290,,Hope Ballfield
57291,,Lewis Playground
57292,,Hendrick I. Lott House
57293,,Old Gravesend Cemetery
57294,,Gethsemane Garden
57295,,700 Decatur St Block Association
57296,,All People's Church of the Apostolic Faith Community Garden
57297,,Amboy Neighborhood Center
57298,,American Heart
57299,,P.S. 149 Artsy Bloom Community Garden
57300,,Atkins Gardeners
57301,,Berry Street Garden
57302,,Ten Eyck Houses Garden
57303,,Causa Festival Garden
57304,,New Vision Garden
57305,,Clara's Garden
57306,,Clifton Pl Memorial Park and Garden
57307,,Concerned Residents of Montauk Avenue
57308,,Cooper St Block Buster Bl Association
57309,,Walt L Shemal Garden
57310,,East End Community Garden
57311,,Elton St Block Association
57312,,Fantasy Garden
57313,,Farmers Garden
57314,,First Quincy St Block Association
57315,,Floral Vineyard
57316,,Glenmore Hendrix Block Association
57317,,Good Shepherds Garden
57318,,Granite St Block Association
57319,,Greene Av United Neighbors Association Inc
57320,,Hancock T and T
57321,,Herbal Garden
57322,,Sh'ma Yisrael
57323,,Jerome Gardens
57324,,Jerry and The Senior Gents
57325,,Lefferts Pl Block Association
57326,,Lincoln Rd Block Association
57327,,Madison Square Garden Association
57328,,Madison Street Block Association
57329,,Manley's Pl
57330,,Gregory's Garden
57331,,P.S. 53
57332,,Preston Community Garden
57333,,Red Gate Garden
57334,,Red Shed Garden
57335,,Shield Of Faith
57336,,St. John Cantius Parish
57337,,Upon This Rock Comm Garden
57338,,Vernon Tandt Block Association
57339,,Vernon/Throop Ave Block Association
57340,,Victory Garden
57343,,Louis Pl Friends
57344,,Madison Community Greenthumb
57345,,Patrick Van Doren Pocket Park
57346,,St. Mark's Block Association
57347,,Stars Of Hope
57348,,Ponderosa Garden
57349,,Sterling Community Group
57350,,A Better Community Garden
57351,,Vernon New Harvest
57352,,Nehemiah Ten Garden
57353,,"Saratoga Square Urban Renewal Area, Site 164"
57354,,Victory Garden's Group
57355,,Spencer St Block Association
57356,,Concerned Citizens of Grove Street
57357,,Mw United Orient Grand Lodge
57358,,Prospect Heights Community Farm
57359,,Community Group of 349 Elton Street
57360,,United Community Centers - E New York Farms Project
57361,,Howard Av Block Association
57362,,Garden
57376,,400 Montauk Av Block Assn
57377,,Prophecy Garden
57378,,Sunrise Playground
57379,,Julio Carballo Fields
57380,,Playground Twenty One
57381,,Clearview Park
57382,,Glen Oaks Oval
57383,,McLaughlin Playground
57384,,Marie Curie Park
57385,,Douglaston Park Golf Course
57386,,Saul Weprin Playground
57387,,Admiral Park
57388,,Tall Oak Playground
57389,,Playground Eighty LXXX
57390,,Annadale Playground
57391,,Bellaire Playground
57392,,Rory Staunton Field
57393,,Nathan Straus Playground
57394,,Pelham Bay Little League
57395,,Blood Root Valley
57396,,Vleigh Playground
57397,,Van Alst Playground
57398,,Castlewood Playground
57399,,Queens Farm Park
57400,,Bellerose Playground
57401,,Locust Manor Playground
57402,,Russell Sage Playground
57403,,Playground Seventy Five
57404,,Detective William T. Gunn Park
57405,,Arsenal West
57406,,Arsenal North
57407,,Oakland Gardens
57408,,Hollis Playground
57409,,Lannett Playground
57410,,Harold Schneiderman Playground
57411,,Walter Ward Playground
57412,,Seaside Playground
57413,,North Rochdale Playground
57414,,South Rochdale Playground
57415,,Horace Harding Playground
57416,,Murray Hill Playground
57417,,Willets Point Playground
57418,,Playground Sixty Two LXII
57419,,Ampere Playground
57420,,Francis Lewis Playground
57421,,Bayside Playground
57422,,Clintonville Playground
57423,,Conch Playground
57424,,Auburndale Playground
57425,,Rosemary's Playground
57426,,Bay Terrace Playground
57427,,Spirit Playground
57428,,Athens Square
57429,,Underbridge Dog Run
57430,,Delphin H. Greene Playground
57431,,Fidler-Wyckoff House Park
57432,,Asser Levy Playground
57433,,Vinegar Hill Community Garden
57434,,Brooklyn Academy Of Music
57435,,Richmond Terrace Storehouse
57436,,The Cyclone
57437,,Thomas Paine Park
57438,,61 Franklin St Garden
57439,,Synergi Urban Garden UCFP
57440,,P.S. 279 Playground
57441,,Culinary Kids Garden
57442,,Cpl Fischer Park
57443,,Magic Garden
57444,,Imagination Playground
57445,,West Farms Rapids
57446,,Sunflower Garden
57447,,Vogue Garden
57448,,DeLury Square
57449,,I-Am-Park
57450,,Owen F. Dolen Park
57451,,Milestone Park
57452,,Fort Stirling Park
57453,,Saratoga Park
57454,,J.J. Byrne Playground
57455,,Lindsay Triangle
57456,,Albert Capsouto Park
57457,,Fidelity Triangle
57458,,West Bronx Recreation Center
57459,,Seven Gables Playground
57460,,Park Of The Americas
57461,,Benninger Playground
57462,,L/CPL Thomas P. Noonan Jr. Playground
57463,,Captain Tilly Park
57464,,Astoria Health Playground
57465,,Whitey Ford Field
57466,,Torsney Playground
57467,,TRUCE Garden
57468,,Kelly Park
57470,,McLaughlin Park
57471,,Ennis Playground
57472,,Lt. Joseph Petrosino Park
57473,,Seth Low Playground/ Bealin Square
57474,,Lion's Pride Playground
57475,,Bill Brown Playground
57476,,Msgr. McGolrick Park
57477,,A. Badillo Community Rose Garden
57478,,811 Family and Friends Garden
57479,,Sam Leggio Triangle
57480,,Welcome Home Garden
57481,,Sumpter Community Garden
57482,,Pena Herrera Park
57483,,Lieutenant John H. Martinson Playground
57484,,Cough Triangle
57485,,Raymond Bush Playground
57486,,Colonel David Marcus Playground
57487,,Kolbert Playground
57488,,Underhill Playground
57489,,Leave it Better Kids' Garden
57490,,Grover Cleveland Playground
57491,,Lawrence Virgilio Playground
57492,,Wayanda Park
57493,,"Phil ""Scooter"" Rizzuto Park"
57494,,St. Mark's Garden
57495,,Neighborhood Community Garden
57496,,St. John's Recreation Center
57497,,"""Uncle"" Vito E. Maranzano Glendale Playground"
57498,,Jane Street Garden
57499,,Valentino Pier
57500,,Jordan Magic Garden
57501,,El Gallo Garden
57502,,Little Green Garden
57503,,East New York Farms Garden
57504,,Oasis Garden
57505,,100 Quincy Street Community Garden
57506,,The Feeding Tree
57507,,Adam Yauch Park
57508,,St. Nicholas Miracle Garden
57509,,Telephone Playground
57510,,Children's Magical Garden
57511,,11 BC Serenity Garden
57512,,College Avenue Greenthumb
57513,,Locust Point Marina
57514,,Grand St. Community Garden
57515,,Brownsville Green
57516,,Father Giorgio Triangle
57517,,Grant Gore
57518,,McKenna Square
57519,,Ferris Family Burial Plot
57520,,Miele Park
57521,,Bennett Rest
57522,,Bill Bojangles Robinson Playground
57523,,Eastchester Playground
57524,,Moore Homestead Playground
57525,,Peter Charles Park
57526,,South Brother Island
57527,,Park Slope
57528,,Sitting Area
57532,,Sitting Area 127 CXXVII
57533,,Quick Brown Fox Triangle
57534,,Sergeant Collins Triangle
57535,,Hull Triangle
57536,,Whitefish Triangle
57537,,Technical Sergeant Thomas J. Davey Triangle
57538,,Peck Slip
57539,,Luke J. Lang Square
57540,,Allied Productions/Le Petit Versailles
57541,,Beach 9 Playground
57542,,Beach 30th Street Playground
57543,,Beach 59th St Playground
57544,,Peretz Square
57545,,Minetta Triangle
57546,,Bushman Steps
57547,,Jones Woods Park
57548,,Playground 103 CIII
57549,,Sutton Parks
57550,,Andrew Haswell Green Park
57551,,Playground 174
57552,,Overlook Park
57553,,Cardozo Playground
57554,,Latham Park
57555,,Bicentennial Veterans Memorial Park
57556,,West Harlem Piers
57557,,Givans Creek Woods
57558,,Gen. Douglas MacArthur Park
57559,,Vincent F. Albano Jr. Playground
57560,,Williamsbridge Square
57561,,D'Onofrio Square
57562,,St. Luke's Park
57563,,Graham Triangle
57564,,Kissena Corridor Park
57566,,Granja Farm OTF
57567,,Playground One Thirty Four CXXXIV
57568,,Co-op City Field
57569,,Haven Avenue
57570,,Father Duffy Square
57571,,La Finca del Sur Community Garden
57572,,Schomberg Academy Garden
57573,,Dawson Playground
57574,,Rainey Park
57576,,Bryant Triangle
57577,,Benjamin Gladstone Square
57578,,Estella Diggs Park
57579,,Triangle
57582,,O'Neill Triangle
57583,,Franklin Memorial Garden
57584,,Franklin Triangle
57585,,Freeman Triangle
57586,,Model T Senior Citizen's Garden
57587,,McKinley Square
57588,,Beatty Plaza
57589,,Virginia Park
57590,,Chief Dennis L. Devlin Park
57591,,Havemeyer Playground
57592,,Wood Park
57593,,St. Lawrence Triangle
57594,,Boone Slope
57595,,Fairmount Playground
57596,,West Farms Soldiers Cemetery
57597,,Palmer Inlet
57598,,Montefiore Square
57599,,Mapes Pool
57600,,Joan Of Arc Park
57601,,Hutton Triangle
57602,,Whalen Grove
57603,,Murphy Triangle
57604,,Jackson Square
57605,,Sergeant Johnson Triangle
57606,,Flood Triangle
57607,,Martin Luther King Triangle
57609,,Las Casitas Community Garden
57610,,Crotona Parkway Malls
57611,,Hancock Park
57612,,Colonel Charles Young Triangle
57613,,Gorman Park
57614,,Donnellan Square
57615,,Duane Park
57616,,Mount Eden Malls
57617,,University Malls
57618,,Featherbed Triangle
57619,,Inwood Park
57620,,Richman (Echo) Park
57621,,Dorrance Brooks Square
57622,,Walton Slope
57623,,Featherbenches
57624,,Townsend Walk
57625,,Walton Walk
57626,,Morris Mesa
57627,,Bergen Triangle
57628,,Ahearn Park
57629,,Phyllis Post Goodman Park
57630,,Freedom Triangle
57631,,Muller Triangle
57632,,Gasoline Alley
57633,,Dante Park
57634,,Jerome Park
57635,,El Batey Borincano Garden
57636,,Van Cortlandt's Tail
57637,,A Philip Randolph Square
57638,,Hackett Park
57639,,Christopher Park
57640,,Cooper Triangle
57641,,Crescent Park
57642,,Spuyten Duyvil Shorefront Park
57643,,MacLaughlin Playground
57644,,Forest Grove
57645,,Joseph Manna Park
57646,,Crescent Beach Park
57647,,Mosaic Success Garden
57648,,Graniteville Swamp Park
57649,,Castle Hill Park
57650,,El Flamboyan Garden
57651,,Catherine Slip Malls
57652,,Straus Square
57653,,Schiff Mall
57654,,Abe Lebewohl Triangle
57655,,Sherman Square
57656,,Plaza Lafayette
57657,,Amundsen Circle
57658,,South Gate Mall
57659,,Middle Village Veterans Triangle
57660,,American Triangle
57661,,Sixteen Oaks Grove
57662,,McCarthy Square
57663,,Father Demo Square
57664,,Seabury Park
57665,,Barry Plaza
57666,,Devanney Triangle
57667,,Barnhill Square
57668,,Heath Triangle
57669,,Sheridan Triangle
57670,,Taylor-Soundview Block Assoc. Garden
57671,,Derosa O'Boyle Triangle
57672,,Lithuania Square
57673,,Classon Triangle
57674,,Badame Sessa Triangle
57675,,Pvt. Sonsire Triangle
57676,,Arbor Place
57677,,McKinley Park
57678,,Avenue R Mall
57679,,Aimee Triangle
57680,,Bartel-Pritchard Square
57681,,Barrett Triangle
57682,,Forest Mall
57683,,Dodgers Triangle
57684,,Butterfly Gardens
57685,,Mt. Carmel Triangle
57686,,Pleasant Plains Plaza
57687,,Bowling Green
57688,,Vernam Barbadoes Peninsula
57689,,Clumber Corner
57690,,Bar and Grill Park
57691,,Fraser Square
57692,,Harlem Art Park
57693,,Samuel Marx Triangle
57694,,Woodrow Wilson Triangle
57695,,Major General John R Brown Triangle
57696,,Lt. Wm. Tighe Triangle
57697,,Allison Pond Park
57698,,Locust Grove Civic Triangle
57699,,Vito Locascio Field
57700,,Abe Lebewohl Park
57701,,Roosevelt Triangle
57702,,Playground One
57703,,Fort Hamilton Triangle
57704,,Lady Moody Triangle
57705,,Jacob Riis Triangle
57706,,Church Triangle
57707,,Echo Triangle
57708,,Ryan Triangle
57709,,Father Fagan Park
57710,,Mill Rock Park
57711,,The Queen Elizabeth II September 11th Garden
57712,,John V. Lindsay East River Park
57713,,Nautilus Playground
57715,,Family Group Garden
57716,,United Community Centers Youth Farm
57717,,Garlinge Triangle
57718,,Major Mark Park
57719,,Beach Channel Park
57720,,Graniteville Quarry Park
57721,,Proctor-Hopson Circle
57722,,Veteran's Square
57723,,Sohncke Square
57724,,Nine Heroes Plaza
57725,,Steinmann Triangle
57726,,Chappetto Square
57727,,Pigeon Paradise
57728,,Triangle 90
57729,,Short Triangle
57730,,Veterans Plaza
57731,,Gemini Fields
57732,,Flushing Greens
57733,,One Room Schoolhouse Park
57734,,Myrtle Avenue Clemens Triangle
57735,,George Washington Carver Botanical Garden
57736,,Grand Slope
57737,,Jackson Mill Green
57738,,Eight Oaks Triangle
57739,,Litchhult Square
57740,,Lawrence Triangle
57741,,Dr. Charles R. Drew Park
57742,,Foch Sitting Area
57743,,Maple Grove Park
57744,,Hoover - Manton Playgrounds
57745,,Fresh Meadows Park
57746,,Hollis Veterans Square
57747,,Patricia A. Brackley Park
57748,,Lt. Frank McConnell Park
57749,,Ehrenreich-Austin Playground
57750,,Gladys Warren Triangle
57751,,Cambria Playground
57752,,Sherry Dog Run
57753,,Crosson Green
57754,,Winfield Plaza
57755,,Strippoli Square
57756,,Freedom Square Playground
57757,,Laguardia Landing Lights
57759,,Samuel H. Young Park
57760,,Anchorage Plaza
57761,,Kimlau Square
57762,,Judge Angelo Graci Triangle
57763,,Manuel De Dios Unanue Triangle
57764,,Corona Health Sanctuary
57765,,B.C.C.A. Mini-park and Garden
57766,,Block Association #81
57767,,George Eagle Carr Community Garden
57768,,Locust Manor Civic Association
57769,,Carlos R. Lillo Park
57770,,97th Street Block Association
57771,,Orient Grove
57772,,Todd Triangle
57773,,Thomas J. Cuite Park
57774,,Targee Street Triangle
57775,,Duarte Square
57776,,Tramway Plaza
57777,,Battery Park City
57779,,Sheridan Square Viewing Garden
57780,,East River Esplanade
57782,,St. Michael's Park
57783,,Concerned Residents of Barbey Street
57784,,Margrichante Garden
57785,,W 87th Street Garden
57786,,Green Oasis and Gilbert's Garden
57787,,5th St Slope Garden
57788,,Sugar Hill Garden
57789,,Edgecombe Park
57790,,Schneider Sampson Square
57791,,Olmsted-Beil House Park
57792,,Laredo Avenue Parcel
57793,,Fort Hill Park
57794,,Harris Garden
57795,,Earth People
57796,,Bradhurst Ave Garden
57797,,Community Of Poor People In Action
57798,,Dias Y Flores
57799,,Neighbors Of Vega Baja
57800,,El Sol Brilliante Jr
57801,,Campos Garden
57802,,La Perla Garden
57803,,Black Rock Playground
57804,,Johnny Hartman Square
57805,,William Simmons Community Garden Club
57806,,Detective Keith L Williams Park
57807,,176th Street Community Garden
57808,,Manor Park
57809,,Beattie Square
57810,,The High Line
57811,,Cuyler Gore Park
57812,,Veterans Triangle
57813,,Mount Prospect Park
57814,,Dr. Ronald McNair Park
57815,,Eastern Parkway Extension
57816,,North Shore Esplanade
57818,,Hugh J. Grant Circle
57819,,Throgs Neck Park
57820,,Gaeta Park
57821,,Keltch Park
57822,,Richmond Terrace Wetlands
57823,,Ingram Woods
57824,,Brooklyn Museum
57825,,Staats Circle
57826,,Tompkinsville Park
57827,,Deere Park
57828,,Kathy Reilly Triangle
57829,,Memorial Gore
57830,,Freshkills Park
57831,,P.S. 29 Ball Field
57832,,Eastern Parkway
57833,,Richmond Parkway
57834,,Maple Woods
57835,,Liotti Ikefugi Playground
57836,,Bedford Green
57837,,Shore Park and Parkway
57838,,Lowry Triangle
57839,,Sobel Playground
57840,,Von Briesen Park
57841,,Sgt. Joyce Kilmer Triangle
57842,,Wolfe's Pond Park
57843,,Cypress Hills Playground
57844,,Walt Whitman Park
57845,,Great Kills Park
57847,,St. George Park
57848,,Cohn Triangle
57849,,Zion Triangle
57850,,Alben Triangle
57851,,Blueberry Park
57852,,Sixteen Lindens Triangle
57853,,Howard Malls
57854,,Harmony Triangle
57855,,Corporal Wiltshire Square
57856,,Samuel Goldberg Triangle
57857,,Bell Tower Park
57858,,Mohegan Triangle
57859,,Hempstead Bench Spread
57860,,Ida Court
57861,,Drumgoole Tot Lot
57862,,Wegener Park
57863,,Gravesend Triangle
57864,,New Dorp Park
57865,,Meredith Woods
57867,,Siedenburg Park
57868,,Pralls Island
57869,,Ketchum Triangle
57870,,Bath Beach Park
57871,,Shooters Island
57872,,Arbutus Woods Park
57873,,Four Sparrow Marsh
57874,,Lincoln Terrace / Arthur S. Somers Park
57875,,Playground of the Americas
57876,,Hybrid Oak Woods Park
57877,,Kingdom Pond Park
57878,,Isle Of Meadows
57879,,Ashmead Park
57880,,Gordon Triangle
57881,,Richmond Terrace Cemetery
57882,,South Clove Road Cemetery
57883,,Sylvan Grove Cemetery
57884,,Sleight Family Graveyard
57885,,Mentone Playground
57886,,William F Moore Park
57887,,McKenna Triangle
57888,,Sabba Park
57889,,Mall Thirty Four XXXIV
57890,,Carolina Garden
57891,,Last Chance Pond Park
57892,,Linden Sitting Area
57893,,Heffernan Triangle
57894,,Rafferty Triangle
57895,,Neponsit Mall
57896,,Elmjack Mall
57897,,Queens Village Veterans Plaza
57898,,Michel Triangle
57899,,Clemens Triangle
57900,,Dunningham Triangle
57901,,Fleetwood Triangle
57902,,John Vincent Daniels Jr. Square
57903,,Middleburgh Triangle
57904,,Trolley Car Triangle
57905,,Glendale Veterans Triangle
57906,,Legion Triangle
57907,,Wellbrock Triangle
57908,,Monsignor Raul Del Valle Square
57909,,Federalist Triangle
57910,,Belt Parkway
57911,,Daniel Carter Beard Mall
57912,,Frank Principe Park
57913,,Drumm Triangle
57914,,Barclay Triangle
57915,,Metro Triangle
57916,,Father Reilly Square
57917,,Ruoff Triangle
57918,,Catholic War Veterans Square
57919,,Libra Triangle
57920,,Spring Creek Park Addition
57921,,Corona Plaza
57922,,Tudor Malls
57923,,Corporal Ruoff Square
57924,,David J O'Connell Square
57925,,Studley Triangle
57926,,Leonard Square
57927,,Edgemere Urban Renewal Park
57928,,Seagirt Ave Wetlands
57929,,Macri Triangle
57930,,Calvary Monument
57931,,Citizens For A Better Community
57932,,Rockaway Beach and Boardwalk
57933,,Mosholu Playground
57934,,Sergeant Colyer Square
57935,,Dwyer Square
57936,,Norelli-Hargreaves Memorial Triangle
57937,,Travis Triangle
57938,,Corporal Frank F. Fagan Sq.
57939,,Tucker Place
57940,,Meucci Triangle
57941,,Detective Joseph Mayrose Park
57942,,Lt. Clinton L .Whiting Square
57943,,Court Square Park
57944,,Hilton Holiday Gardens
57945,,King Fisher Park
57946,,Huguenot Ponds Park
57947,,Nakks Malls
57948,,225 Street Malls
57949,,John Adams Playground
57950,,Holy Cow Playground
57951,,Jamaica Playground
57952,,Recreational Area
57953,,Planeview Park
57954,,First Temple Of David
57955,,McCarren Park
57956,,Newtown Barge Playground
57957,,E 4th Street Garden
57958,,St. Nicholas - Olive St. Garden
57959,,St. Nicholas - Powers St. Garden
57960,,American Veterans Memorial Pier
57961,,Cedar Tree Garden
57962,,Crystal Wells Block Association
57963,,Eastern Parkway Coalition
57964,,Euclid Garden
57965,,Powell St Block Association
57966,,Shiloh Garden
57967,,Marcus Garvey Tenant's Assoc. Garden
57968,,Powell Street Livonia Garden
57969,,Garden Party
57970,,Park Avenue Malls
57973,,Mosholu Parkway
57974,,Hook Creek Park
57975,,Tiffany Street Pier
57976,,Bryant Hill Garden
57977,,Garrison Park
57978,,Poppenhusen Park
57979,,McKee Triangle
57980,,Playground 115
57981,,Bell Malls
57982,,Tepper Triangle
57983,,Catharine Turner Richardson Park
57984,,College Point Fields
57985,,Clearview Park Golf Course
57986,,Baybridge Green
57987,,Lewis H Latimer House
57988,,Mall Eighteen
57989,,The Olde Towne of Flushing Burial Ground
57990,,Mall Forty Two XLII
57991,,Glenwood Landing
57992,,Alexander Grey Triangle
57993,,Plaut Triangle
57994,,Linnaeus Park
57995,,Udall's Park Preserve
57996,,Motor Parkway
57997,,Hunts Point Riverside Park
57998,,Fairview Park
57999,,Pomonok Playground
58000,,Whitestone Playground
58001,,Emerald Playground
58002,,Challenge Playground
58003,,Colden Playground
58004,,Willow Lake Playground
58005,,Nassau Mall
58006,,Nassau Mall South
58007,,Blue Heron Park
58008,,Tribeca Park
58009,,Louis Armstrong Playground
58010,,Adrienne's Playground
58011,,Coenties Slip
58012,,Manhattan Ave Street End
58013,,Manahatta Park
58014,,Beach 17 Playground
58015,,Cedar Grove Playground
58016,,Briarwood Playground
58017,,Young Park
58018,,North Brother Island
58019,,Vernon Mall
58020,,Brinkerhoff Mall
58021,,Cornell Burial Ground
58022,,Remsen Family Cemetery
58023,,St. Albans Park
58024,,O'Sullivan Plaza
58025,,Grand Central Parkway
58026,,Grand Central Parkway Extension
58027,,Pelham Parkway
58028,,Jackie Robinson Parkway
58029,,Spargo  Park
58030,,James Burke Ballfield
58031,,Rose Hill Park
58032,,Cross Island Parkway
58033,,Lyons Pool
58034,,Dorothy K. McGowan Memorial Garden
58035,,Mapes Ballfield
58036,,Veterans' Circle
58037,,East River Waterfront Esplanade
58038,,Queens Gate
58039,,Holocaust Memorial Park
58040,,Rockaway Beach
58042,,Copernicus Triangle
58043,,Old Hickory Park
58044,,Federoff Triangle
58045,,Newcombe Square
58046,,Plaza 67
58047,,PARK
58048,,Gwirtzman Triangle
58049,,Sunset Cove Park
58050,,Belt Parkway/Shore Parkway
58051,,Broad Channel Wetlands
58052,,Coney Island Beach & Boardwalk
58053,,Shore Boulevard Malls
58054,,Columbus Square
58055,,Long Pond Park
58056,,Bush Terminal Park
58057,,Winston Churchill Square
58058,,Mall
58059,,Mall Sixty-Nine
58060,,Little Red Square
58061,,Hollis Court Malls
58062,,211 Malls
58063,,Goodhue Park
58064,,Van Voorhees Park
58065,,Triboro Plaza
58066,,Broadway Malls
58070,,Adam Clayton Powell Jr. Malls
58071,,Petrosino Square
58072,,Gouverneur Morris Triangle
58073,,Dahill Triangle
58074,,Flatbush Malls
58076,,Flatbush Mall
58077,,Cutinella Triangle
58078,,Trust Triangle
58079,,Barone Triangle
58080,,Egbert Triangle
58081,,Seaside Wildlife Nature Park
58082,,East River Walk
58083,,Allen Mall One
58084,,Alameda Malls
58085,,Captain Dermody Triangle
58086,,Midland Malls
58087,,Benigno Aquino Triangle
58088,,Bridge Playground
58089,,Henry Hudson Parkway
58090,,Triangle 54
58091,,Ian Maclennan Garden
58092,,Abe Wolfson Triangle
58093,,Old Place Creek Park
58094,,Hutchinson River Parkway
58095,,Bronx River Parkway
58096,,Hoe Ave North Tot Lots
58097,,Harding Park Beautification Project
58098,,Quaker Parrot Park at the Dust Bowl
58099,,Korean War Veterans Memorial Park
58100,,O'Brien Oval
58101,,Playground 52 LII
58102,,Heritage Park
58103,,St. James Park
58104,,51 Chambers
58105,,Hempstead Ballfield
58106,,Rockaway Freeway
